Wavelength nm.	Porta 2 vacio BL porta 1.spc	ClK_7.spc	NaF.spc	NaCl.spc	FLi.spc	FLi_2.spc	FLi_3.spc	FLi_4
2,000000000000000e+2	2,413000000000000e-1	3,833200000000000e+0	1,153000000000000e+0	1,305200000000000e+0	7,126000000000000e-1	6,769000099999999e-1	1,072500000000000e+0	9,816000000000000e-1
2,010000000000000e+2	2,421000000000000e-1	3,648600000000000e+0	1,138300000000000e+0	1,299000000000000e+0	7,060000000000000e-1	6,712000000000000e-1	1,076900000000000e+0	9,762000000000000e-1
2,020000000000000e+2	2,428000000000000e-1	3,281200000000000e+0	1,125900000000000e+0	1,291500000000000e+0	6,978000000000000e-1	6,662000000000000e-1	1,066900000000000e+0	9,713000000000000e-1
2,030000000000000e+2	2,425000000000000e-1	3,670000000000000e+0	1,116500000000000e+0	1,271800000000000e+0	6,938000000000000e-1	6,616000000000000e-1	1,064600000000000e+0	9,656000000000000e-1
2,040000000000000e+2	2,426000000000000e-1	3,843300000000000e+0	1,111000000000000e+0	1,275400000000000e+0	6,894000000000000e-1	6,550000000000000e-1	1,057400000000000e+0	9,595000000000000e-1
2,050000000000000e+2	2,405000000000000e-1	3,642600000000000e+0	1,093100000000000e+0	1,272300000000000e+0	6,857000000000000e-1	6,522000000000000e-1	1,052900000000000e+0	9,572000000000000e-1
2,060000000000000e+2	2,410000000000000e-1	3,415700000000000e+0	1,089700000000000e+0	1,267300000000000e+0	6,820000000000001e-1	6,483000000000000e-1	1,046900000000000e+0	9,538000000000000e-1
2,070000000000000e+2	2,418000000000000e-1	3,460800000000000e+0	1,077800000000000e+0	1,273300000000000e+0	6,788000099999999e-1	6,448000000000000e-1	1,043400000000000e+0	9,525000000000000e-1
2,080000000000000e+2	2,421000000000000e-1	3,541700000000000e+0	1,071800000000000e+0	1,269100000000000e+0	6,769000099999999e-1	6,439000000000000e-1	1,042100000000000e+0	9,502000000000000e-1
2,090000000000000e+2	2,415000000000000e-1	3,428100000000000e+0	1,063000000000000e+0	1,266700000000000e+0	6,753000000000000e-1	6,424000000000000e-1	1,042700000000000e+0	9,512000000000000e-1
2,100000000000000e+2	2,415000000000000e-1	3,542300000000000e+0	1,055700000000000e+0	1,269700000000000e+0	6,740000000000001e-1	6,412000000000000e-1	1,038600000000000e+0	9,532000000000000e-1
2,110000000000000e+2	2,409000000000000e-1	3,613100000000000e+0	1,051200000000000e+0	1,276500000000000e+0	6,735000000000000e-1	6,401000000000000e-1	1,039700000000000e+0	9,588000000000000e-1
2,120000000000000e+2	2,401000000000000e-1	3,625900000000000e+0	1,041500000000000e+0	1,276700000000000e+0	6,727000000000000e-1	6,407000000000001e-1	1,042500000000000e+0	9,630000000000000e-1
2,130000000000000e+2	2,413000000000000e-1	3,557700000000000e+0	1,037800000000000e+0	1,278800000000000e+0	6,720000000000001e-1	6,411000000000000e-1	1,037500000000000e+0	9,754000000000000e-1
2,140000000000000e+2	2,411000000000000e-1	3,617400000000000e+0	1,034900000000000e+0	1,282300000000000e+0	6,712000000000000e-1	6,404999999999999e-1	1,035500000000000e+0	9,879000000000000e-1
2,150000000000000e+2	2,414000000000000e-1	3,634300000000000e+0	1,031000000000000e+0	1,283100000000000e+0	6,704000000000000e-1	6,390000000000000e-1	1,037900000000000e+0	1,005900000000000e+0
2,160000000000000e+2	2,408000000000000e-1	3,719800000000000e+0	1,025400000000000e+0	1,285500000000000e+0	6,712000000000000e-1	6,394999999999999e-1	1,038800000000000e+0	1,025100000000000e+0
2,170000000000000e+2	2,401000000000000e-1	3,488500000000000e+0	1,019300000000000e+0	1,286900000000000e+0	6,691000000000000e-1	6,395999999999999e-1	1,034500000000000e+0	1,051500000000000e+0
2,180000000000000e+2	2,405000000000000e-1	3,674500000000000e+0	1,012800000000000e+0	1,284800000000000e+0	6,680000000000000e-1	6,391000000000000e-1	1,033600000000000e+0	1,081900000000000e+0
2,190000000000000e+2	2,412000000000000e-1	3,549900000000000e+0	1,009000000000000e+0	1,285400000000000e+0	6,680000000000000e-1	6,384999999999999e-1	1,032000000000000e+0	1,117700000000000e+0
2,200000000000000e+2	2,412000000000000e-1	3,569300000000000e+0	1,004200000000000e+0	1,281400000000000e+0	6,661000000000000e-1	6,375999999999999e-1	1,029900000000000e+0	1,163800000000000e+0
2,210000000000000e+2	2,405000000000000e-1	3,536300000000000e+0	9,997000000000000e-1	1,280100000000000e+0	6,645000000000000e-1	6,361000000000000e-1	1,028700000000000e+0	1,216100000000000e+0
2,220000000000000e+2	2,404000000000000e-1	3,244800000000000e+0	9,964000000000000e-1	1,278200000000000e+0	6,624000000000000e-1	6,344999999999999e-1	1,028400000000000e+0	1,274000000000000e+0
2,230000000000000e+2	2,400000000000000e-1	3,341000000000000e+0	9,930000000000000e-1	1,272200000000000e+0	6,601000000000000e-1	6,318000000000000e-1	1,025300000000000e+0	1,335200000000000e+0
2,240000000000000e+2	2,397000000000000e-1	3,193900000000000e+0	9,906000000000000e-1	1,269700000000000e+0	6,574000000000000e-1	6,293999999999999e-1	1,021400000000000e+0	1,407200000000000e+0
2,250000000000000e+2	2,394000000000000e-1	3,424900000000000e+0	9,855000000000000e-1	1,266100000000000e+0	6,549000000000000e-1	6,260000000000000e-1	1,018600000000000e+0	1,480700000000000e+0
2,260000000000000e+2	2,392000000000000e-1	3,591400000000000e+0	9,825000000000000e-1	1,258400000000000e+0	6,505000000000000e-1	6,231000000000000e-1	1,014900000000000e+0	1,565500000000000e+0
2,270000000000000e+2	2,388000000000000e-1	3,118400000000000e+0	9,813000000000000e-1	1,249100000000000e+0	6,473000000000000e-1	6,201000000000000e-1	1,010800000000000e+0	1,639400000000000e+0
2,280000000000000e+2	2,383000000000000e-1	3,127900000000000e+0	9,780000000000000e-1	1,242700000000000e+0	6,435999999999999e-1	6,175000000000001e-1	1,007100000000000e+0	1,730200000000000e+0
2,290000000000000e+2	2,396000000000000e-1	3,259500000000000e+0	9,766000000000000e-1	1,238000000000000e+0	6,415999999999999e-1	6,143999999999999e-1	1,004800000000000e+0	1,817500000000000e+0
2,300000000000000e+2	2,385000000000000e-1	3,316100000000000e+0	9,729000000000000e-1	1,229100000000000e+0	6,382000000000000e-1	6,110000000000000e-1	9,997000000000000e-1	1,914400000000000e+0
2,310000000000000e+2	2,379000000000000e-1	2,958000000000000e+0	9,693000000000000e-1	1,220600000000000e+0	6,334000000000000e-1	6,065000000000000e-1	9,952000000000000e-1	2,011000000000000e+0
2,320000000000000e+2	2,386000000000000e-1	2,833100000000000e+0	9,684000000000000e-1	1,210500000000000e+0	6,297000000000000e-1	6,022999999999999e-1	9,930000000000000e-1	2,104300000000000e+0
2,330000000000000e+2	2,378000000000000e-1	2,801000000000000e+0	9,644000000000000e-1	1,200400000000000e+0	6,253999999999999e-1	5,980000000000000e-1	9,870000000000000e-1	2,174500000000000e+0
2,340000000000000e+2	2,380000000000000e-1	2,659700000000000e+0	9,628000000000000e-1	1,192600000000000e+0	6,223000000000000e-1	5,954000000000001e-1	9,826000000000000e-1	2,280400000000000e+0
2,350000000000000e+2	2,379000000000000e-1	2,629900000000000e+0	9,615000000000000e-1	1,183900000000000e+0	6,193999999999999e-1	5,920999999999999e-1	9,784000000000000e-1	2,352600000000000e+0
2,360000000000000e+2	2,384000000000000e-1	2,552400000000000e+0	9,603000000000000e-1	1,175500000000000e+0	6,146000000000000e-1	5,880999999999999e-1	9,750000000000000e-1	2,427900000000000e+0
2,370000000000000e+2	2,384000000000000e-1	2,463900000000000e+0	9,586000000000000e-1	1,164700000000000e+0	6,118000000000000e-1	5,847000000000000e-1	9,698000000000000e-1	2,495900000000000e+0
2,380000000000000e+2	2,374000000000000e-1	2,427800000000000e+0	9,565000000000000e-1	1,155900000000000e+0	6,086000000000000e-1	5,810999999999999e-1	9,654000000000000e-1	2,563400000000000e+0
2,390000000000000e+2	2,370000000000000e-1	2,384500000000000e+0	9,553000000000000e-1	1,147100000000000e+0	6,054000000000001e-1	5,779000000000000e-1	9,609000000000000e-1	2,645800000000000e+0
2,400000000000000e+2	2,370000000000000e-1	2,358600000000000e+0	9,541000000000000e-1	1,139300000000000e+0	6,015000000000000e-1	5,756000000000000e-1	9,568000000000000e-1	2,720800000000000e+0
2,410000000000000e+2	2,376000000000000e-1	2,343400000000000e+0	9,516000000000000e-1	1,133400000000000e+0	5,983000000000001e-1	5,727000000000000e-1	9,547000000000000e-1	2,717100000000000e+0
2,420000000000000e+2	2,382000000000000e-1	2,281500000000000e+0	9,495000000000000e-1	1,126300000000000e+0	5,968000000000000e-1	5,697000000000000e-1	9,494000000000000e-1	2,897300000000000e+0
2,430000000000000e+2	2,371000000000000e-1	2,271000000000000e+0	9,504000000000000e-1	1,116400000000000e+0	5,938000000000000e-1	5,669999999999999e-1	9,461000000000000e-1	2,755500000000000e+0
2,440000000000000e+2	2,375000000000000e-1	2,260500000000000e+0	9,482000000000000e-1	1,111000000000000e+0	5,911999999999999e-1	5,642000000000000e-1	9,419000000000000e-1	2,885100000000000e+0
2,450000000000000e+2	2,378000000000000e-1	2,248400000000000e+0	9,470000000000000e-1	1,104400000000000e+0	5,889000000000000e-1	5,621000000000001e-1	9,397000000000000e-1	2,947500000000000e+0
2,460000000000000e+2	2,377000000000000e-1	2,208900000000000e+0	9,481000000000000e-1	1,097200000000000e+0	5,878000000000000e-1	5,602000000000000e-1	9,377000000000000e-1	2,996300000000000e+0
2,470000000000000e+2	2,377000000000000e-1	2,214800000000000e+0	9,471000000000000e-1	1,092000000000000e+0	5,856000000000000e-1	5,585000000000000e-1	9,355000000000000e-1	2,869300000000000e+0
2,480000000000000e+2	2,370000000000000e-1	2,216300000000000e+0	9,469000000000000e-1	1,085600000000000e+0	5,837000000000000e-1	5,572000000000000e-1	9,335000000000000e-1	2,881100000000000e+0
2,490000000000000e+2	2,373000000000000e-1	2,209000000000000e+0	9,453000000000000e-1	1,080900000000000e+0	5,822000000000001e-1	5,556000000000000e-1	9,326000000000000e-1	2,862100000000000e+0
2,500000000000000e+2	2,374000000000000e-1	2,202900000000000e+0	9,450000000000000e-1	1,074400000000000e+0	5,806000000000000e-1	5,540000000000001e-1	9,291000000000000e-1	2,888400000000000e+0
2,510000000000000e+2	2,373000000000000e-1	2,166300000000000e+0	9,454000000000000e-1	1,069500000000000e+0	5,793000000000000e-1	5,536000000000000e-1	9,269000000000000e-1	2,926000000000000e+0
2,520000000000000e+2	2,365000000000000e-1	2,161300000000000e+0	9,455000000000000e-1	1,066100000000000e+0	5,777000000000000e-1	5,521000000000000e-1	9,255000000000000e-1	2,869200000000000e+0
2,530000000000000e+2	2,370000000000000e-1	2,171100000000000e+0	9,464000000000000e-1	1,063800000000000e+0	5,778000000000000e-1	5,508999999999999e-1	9,242000000000000e-1	2,761800000000000e+0
2,540000000000000e+2	2,368000000000000e-1	2,153000000000000e+0	9,451000000000000e-1	1,058900000000000e+0	5,765000000000000e-1	5,507999999999999e-1	9,226000000000000e-1	2,794900000000000e+0
2,550000000000000e+2	2,368000000000000e-1	2,147200000000000e+0	9,460000000000000e-1	1,054200000000000e+0	5,755000000000000e-1	5,495000000000000e-1	9,212000000000000e-1	2,718300000000000e+0
2,560000000000000e+2	2,365000000000000e-1	2,170100000000000e+0	9,465000000000000e-1	1,051900000000000e+0	5,750999999999999e-1	5,484000000000000e-1	9,197000000000000e-1	2,713700000000000e+0
2,570000000000000e+2	2,359000000000000e-1	2,150200000000000e+0	9,457000000000000e-1	1,047300000000000e+0	5,734000000000000e-1	5,480000000000001e-1	9,197000000000000e-1	2,667700000000000e+0
2,580000000000000e+2	2,364000000000000e-1	2,125300000000000e+0	9,457000000000000e-1	1,045500000000000e+0	5,726000000000000e-1	5,472000000000000e-1	9,168000000000000e-1	2,583500000000000e+0
2,590000000000000e+2	2,362000000000000e-1	2,139300000000000e+0	9,462000000000000e-1	1,044000000000000e+0	5,722000000000001e-1	5,457000000000000e-1	9,147000000000000e-1	2,563100000000000e+0
2,600000000000000e+2	2,370000000000000e-1	2,104900000000000e+0	9,465000000000000e-1	1,040600000000000e+0	5,715000000000000e-1	5,463000000000000e-1	9,146000000000000e-1	2,487300000000000e+0
2,610000000000000e+2	2,370000000000000e-1	2,118500000000000e+0	9,482000000000000e-1	1,038400000000000e+0	5,709999999999999e-1	5,457000000000000e-1	9,143000000000000e-1	2,405600000000000e+0
2,620000000000000e+2	2,369000000000000e-1	2,102200000000000e+0	9,494000000000000e-1	1,038000000000000e+0	5,707000000000000e-1	5,443000000000000e-1	9,140000000000000e-1	2,316500000000000e+0
2,630000000000000e+2	2,370000000000000e-1	2,131400000000000e+0	9,485000000000000e-1	1,033600000000000e+0	5,706000000000000e-1	5,442000000000000e-1	9,142000000000000e-1	2,214700000000000e+0
2,640000000000000e+2	2,370000000000000e-1	2,119500000000000e+0	9,487000000000000e-1	1,030900000000000e+0	5,689999999999999e-1	5,436000000000000e-1	9,120000000000000e-1	2,175600000000000e+0
2,650000000000000e+2	2,358000000000000e-1	2,105500000000000e+0	9,471000000000000e-1	1,029200000000000e+0	5,682000000000000e-1	5,419000000000001e-1	9,105000000000000e-1	2,086500000000000e+0
2,660000000000000e+2	2,366000000000000e-1	2,099300000000000e+0	9,485000000000000e-1	1,027100000000000e+0	5,677000000000000e-1	5,426000000000000e-1	9,091000000000000e-1	2,004800000000000e+0
2,670000000000000e+2	2,377000000000000e-1	2,107100000000000e+0	9,507000000000000e-1	1,028200000000000e+0	5,678000000000000e-1	5,422000000000000e-1	9,099000000000000e-1	1,909300000000000e+0
2,680000000000000e+2	2,367000000000000e-1	2,101900000000000e+0	9,517000000000000e-1	1,026500000000000e+0	5,669999999999999e-1	5,405000000000000e-1	9,066000000000000e-1	1,815500000000000e+0
2,690000000000000e+2	2,365000000000000e-1	2,094800000000000e+0	9,493000000000000e-1	1,026000000000000e+0	5,659999999999999e-1	5,394000000000000e-1	9,067000000000000e-1	1,740300000000000e+0
2,700000000000000e+2	2,367000000000000e-1	2,087400000000000e+0	9,498000000000000e-1	1,024600000000000e+0	5,653000000000000e-1	5,393000000000000e-1	9,040000000000000e-1	1,659000000000000e+0
2,710000000000000e+2	2,362000000000000e-1	2,068500000000000e+0	9,523000000000000e-1	1,021300000000000e+0	5,645000000000000e-1	5,391000000000000e-1	9,041000000000000e-1	1,581100000000000e+0
2,720000000000000e+2	2,362000000000000e-1	2,054700000000000e+0	9,521000000000000e-1	1,020300000000000e+0	5,641000000000001e-1	5,385000000000000e-1	9,027000000000000e-1	1,504000000000000e+0
2,730000000000000e+2	2,370000000000000e-1	2,064100000000000e+0	9,527000000000000e-1	1,021000000000000e+0	5,632000000000000e-1	5,383000000000000e-1	9,035000000000000e-1	1,438700000000000e+0
2,740000000000000e+2	2,365000000000000e-1	2,054700000000000e+0	9,529000000000000e-1	1,018400000000000e+0	5,628999999999999e-1	5,379000000000001e-1	9,033000000000000e-1	1,377700000000000e+0
2,750000000000000e+2	2,365000000000000e-1	2,059700000000000e+0	9,538000000000000e-1	1,016600000000000e+0	5,620000000000001e-1	5,375000000000000e-1	9,016000000000000e-1	1,313200000000000e+0
2,760000000000000e+2	2,353000000000000e-1	2,058200000000000e+0	9,561000000000000e-1	1,016300000000000e+0	5,613000000000000e-1	5,358000000000001e-1	9,000000000000000e-1	1,261000000000000e+0
2,770000000000000e+2	2,355000000000000e-1	2,046600000000000e+0	9,582000000000000e-1	1,017500000000000e+0	5,618000000000000e-1	5,359000000000001e-1	9,010000000000000e-1	1,208900000000000e+0
2,780000000000000e+2	2,361000000000000e-1	2,045400000000000e+0	9,594000000000000e-1	1,014200000000000e+0	5,611000000000001e-1	5,362000000000000e-1	9,003000000000000e-1	1,163900000000000e+0
2,790000000000000e+2	2,357000000000000e-1	2,040200000000000e+0	9,583000000000000e-1	1,013500000000000e+0	5,606000000000000e-1	5,351000000000000e-1	9,011000000000000e-1	1,125100000000000e+0
2,800000000000000e+2	2,357000000000000e-1	2,053600000000000e+0	9,599000000000000e-1	1,012000000000000e+0	5,606000000000000e-1	5,353000000000000e-1	8,990000000000000e-1	1,085800000000000e+0
2,810000000000000e+2	2,349000000000000e-1	2,036000000000000e+0	9,604000000000000e-1	1,012600000000000e+0	5,603000000000000e-1	5,343000000000000e-1	8,987000000000000e-1	1,054000000000000e+0
2,820000000000000e+2	2,359000000000000e-1	2,028700000000000e+0	9,624000000000000e-1	1,012600000000000e+0	5,598999999999999e-1	5,346999999999999e-1	8,994000000000000e-1	1,026300000000000e+0
2,830000000000000e+2	2,352000000000000e-1	2,042100000000000e+0	9,628000000000000e-1	1,010500000000000e+0	5,583000000000000e-1	5,336000000000000e-1	8,982000000000000e-1	9,946000000000000e-1
2,840000000000000e+2	2,358000000000000e-1	2,046000000000000e+0	9,633000000000000e-1	1,013900000000000e+0	5,592000000000000e-1	5,338000000000001e-1	8,970000000000000e-1	9,698000000000000e-1
2,850000000000000e+2	2,356000000000000e-1	2,042600000000000e+0	9,638000000000000e-1	1,010300000000000e+0	5,588000000000000e-1	5,334000000000000e-1	8,980000000000000e-1	9,474000000000000e-1
2,860000000000000e+2	2,356000000000000e-1	2,030600000000000e+0	9,633000000000000e-1	1,008600000000000e+0	5,578000000000000e-1	5,330000000000000e-1	8,960000000000000e-1	9,263000000000000e-1
2,870000000000000e+2	2,349000000000000e-1	2,014000000000000e+0	9,634000000000000e-1	1,007500000000000e+0	5,566000000000000e-1	5,326999999999999e-1	8,967000000000000e-1	9,037000000000000e-1
2,880000000000000e+2	2,348000000000000e-1	2,028000000000000e+0	9,667000000000000e-1	1,007000000000000e+0	5,558000000000000e-1	5,311000000000000e-1	8,952000000000000e-1	8,828000000000000e-1
2,890000000000000e+2	2,348000000000000e-1	2,007200000000000e+0	9,682000000000000e-1	1,006000000000000e+0	5,558000000000000e-1	5,312000000000000e-1	8,954000000000000e-1	8,639000000000000e-1
2,900000000000000e+2	2,353000000000000e-1	2,004800000000000e+0	9,684000000000000e-1	1,005600000000000e+0	5,551000000000000e-1	5,308000000000001e-1	8,942000000000000e-1	8,434000000000000e-1
2,910000000000000e+2	2,350000000000000e-1	2,028800000000000e+0	9,696000000000000e-1	1,006400000000000e+0	5,556000000000000e-1	5,303000000000000e-1	8,938000000000000e-1	8,243000000000000e-1
2,920000000000000e+2	2,353000000000000e-1	1,990600000000000e+0	9,716000000000000e-1	1,004100000000000e+0	5,548999999999999e-1	5,294000000000000e-1	8,925000000000000e-1	8,070000000000000e-1
2,930000000000000e+2	2,352000000000000e-1	2,000500000000000e+0	9,730000000000000e-1	1,004600000000000e+0	5,550000000000001e-1	5,292000000000000e-1	8,922000000000000e-1	7,886000000000000e-1
2,940000000000000e+2	2,348000000000000e-1	2,007400000000000e+0	9,728000000000000e-1	1,000900000000000e+0	5,540000000000001e-1	5,286999999999999e-1	8,923000000000000e-1	7,726000000000000e-1
2,950000000000000e+2	2,354000000000000e-1	1,994500000000000e+0	9,771000000000000e-1	1,002500000000000e+0	5,545000000000000e-1	5,300000000000000e-1	8,943000000000000e-1	7,561000000000000e-1
2,960000000000000e+2	2,362000000000000e-1	1,997000000000000e+0	9,814000000000000e-1	1,003900000000000e+0	5,541000000000000e-1	5,289000000000000e-1	8,945000000000000e-1	7,393000000000000e-1
2,970000000000000e+2	2,360000000000000e-1	1,990400000000000e+0	9,852000000000000e-1	1,002500000000000e+0	5,548999999999999e-1	5,296999999999999e-1	8,945000000000000e-1	7,234000000000000e-1
2,980000000000000e+2	2,353000000000000e-1	1,975700000000000e+0	9,870000000000000e-1	1,004300000000000e+0	5,558999999999999e-1	5,289000000000000e-1	8,947000000000000e-1	7,090000000000000e-1
2,990000000000000e+2	2,364000000000000e-1	1,984700000000000e+0	9,933000000000000e-1	1,004000000000000e+0	5,553000000000000e-1	5,302000000000000e-1	8,941000000000000e-1	6,937000000000000e-1
3,000000000000000e+2	2,363000000000000e-1	1,956800000000000e+0	9,963000000000000e-1	1,001400000000000e+0	5,553000000000000e-1	5,305000000000000e-1	8,947000000000000e-1	6,793000000000000e-1
3,010000000000000e+2	2,353000000000000e-1	1,959000000000000e+0	1,000200000000000e+0	1,001500000000000e+0	5,555000000000000e-1	5,285000000000000e-1	8,939000000000000e-1	6,660000000000000e-1
3,020000000000000e+2	2,357000000000000e-1	1,973100000000000e+0	1,005200000000000e+0	1,001300000000000e+0	5,560000000000001e-1	5,291000000000000e-1	8,944000000000000e-1	6,528000000000001e-1
3,030000000000000e+2	2,347000000000000e-1	1,960300000000000e+0	1,011800000000000e+0	9,986000000000000e-1	5,557000000000000e-1	5,300000000000000e-1	8,952000000000000e-1	6,387000000000001e-1
3,040000000000000e+2	2,359000000000000e-1	1,951000000000000e+0	1,016600000000000e+0	1,001300000000000e+0	5,563000000000000e-1	5,308000000000001e-1	8,948000000000000e-1	6,294999999999999e-1
3,050000000000000e+2	2,360000000000000e-1	1,939400000000000e+0	1,021100000000000e+0	1,001800000000000e+0	5,573000000000000e-1	5,303000000000000e-1	8,966000000000000e-1	6,175000000000001e-1
3,060000000000000e+2	2,436000000000000e-1	1,900800000000000e+0	1,024800000000000e+0	1,004800000000000e+0	5,679000000000000e-1	5,430000000000000e-1	8,948000000000000e-1	6,132999999999999e-1
3,070000000000000e+2	2,441000000000000e-1	1,898200000000000e+0	1,031100000000000e+0	1,005100000000000e+0	5,704000000000000e-1	5,477000000000000e-1	8,927000000000000e-1	6,048000000000000e-1
3,080000000000000e+2	2,431000000000000e-1	1,905200000000000e+0	1,043400000000000e+0	1,004300000000000e+0	5,699999999999999e-1	5,486000000000000e-1	8,918000000000000e-1	5,958000000000000e-1
3,090000000000000e+2	2,451000000000000e-1	1,896300000000000e+0	1,052600000000000e+0	1,002300000000000e+0	5,719000000000000e-1	5,505000000000000e-1	8,969000000000000e-1	5,880000000000000e-1
3,100000000000000e+2	2,422000000000000e-1	1,887500000000000e+0	1,055100000000000e+0	1,000200000000000e+0	5,725000000000000e-1	5,477000000000000e-1	8,928000000000000e-1	5,789000000000000e-1
3,110000000000000e+2	2,433000000000000e-1	1,927800000000000e+0	1,064400000000000e+0	9,993000000000000e-1	5,734000000000000e-1	5,503000000000000e-1	8,935000000000000e-1	5,732000000000001e-1
3,120000000000000e+2	2,439000000000000e-1	1,901400000000000e+0	1,077700000000000e+0	1,002100000000000e+0	5,741000000000001e-1	5,523000000000000e-1	8,958000000000000e-1	5,669999999999999e-1
3,130000000000000e+2	2,427000000000000e-1	1,882600000000000e+0	1,091800000000000e+0	1,001800000000000e+0	5,769999999999999e-1	5,531000000000000e-1	8,988000000000000e-1	5,612000000000000e-1
3,140000000000000e+2	2,437000000000000e-1	1,874300000000000e+0	1,101400000000000e+0	9,999000000000000e-1	5,763000000000000e-1	5,547000000000000e-1	8,995000000000000e-1	5,556000000000000e-1
3,150000000000000e+2	2,440000000000000e-1	1,885000000000000e+0	1,109000000000000e+0	1,002000000000000e+0	5,779000000000000e-1	5,565000000000000e-1	9,013000000000000e-1	5,502000000000000e-1
3,160000000000000e+2	2,436000000000000e-1	1,888100000000000e+0	1,122500000000000e+0	9,983000000000000e-1	5,802000000000001e-1	5,576000000000000e-1	9,005000000000000e-1	5,439000000000001e-1
3,170000000000000e+2	2,439000000000000e-1	1,861500000000000e+0	1,137100000000000e+0	1,004200000000000e+0	5,787000000000000e-1	5,590000000000001e-1	9,020000000000000e-1	5,419000000000001e-1
3,180000000000000e+2	2,437000000000000e-1	1,855900000000000e+0	1,154600000000000e+0	1,005100000000000e+0	5,837000000000000e-1	5,613000000000000e-1	9,002000000000000e-1	5,376000000000000e-1
3,190000000000000e+2	2,430000000000000e-1	1,855000000000000e+0	1,169000000000000e+0	1,002300000000000e+0	5,834000000000000e-1	5,625000000000000e-1	9,049000000000000e-1	5,335000000000000e-1
3,200000000000000e+2	2,428000000000000e-1	1,855100000000000e+0	1,185500000000000e+0	1,002200000000000e+0	5,836000000000000e-1	5,641000000000001e-1	9,076000000000000e-1	5,311000000000000e-1
3,210000000000000e+2	2,444000000000000e-1	1,827600000000000e+0	1,195600000000000e+0	1,004500000000000e+0	5,874000000000000e-1	5,657000000000000e-1	9,059000000000000e-1	5,285999999999999e-1
3,220000000000000e+2	2,443000000000000e-1	1,850500000000000e+0	1,220400000000000e+0	1,001100000000000e+0	5,876000000000000e-1	5,668999999999999e-1	9,099000000000000e-1	5,261000000000000e-1
3,230000000000000e+2	2,431000000000000e-1	1,820100000000000e+0	1,233900000000000e+0	1,000400000000000e+0	5,926000000000000e-1	5,693000000000000e-1	9,106000000000000e-1	5,237000000000001e-1
3,240000000000000e+2	2,438000000000000e-1	1,825900000000000e+0	1,243500000000000e+0	1,004200000000000e+0	5,925000000000000e-1	5,687000000000000e-1	9,154000000000000e-1	5,209000000000000e-1
3,250000000000000e+2	2,434000000000000e-1	1,827200000000000e+0	1,256800000000000e+0	1,001800000000000e+0	5,971999999999999e-1	5,712000000000001e-1	9,200000000000000e-1	5,205000000000000e-1
3,260000000000000e+2	2,433000000000000e-1	1,835000000000000e+0	1,280300000000000e+0	1,004700000000000e+0	5,958000000000000e-1	5,739999999999999e-1	9,171000000000000e-1	5,167000000000001e-1
3,270000000000000e+2	2,455000000000000e-1	1,829500000000000e+0	1,289700000000000e+0	1,002000000000000e+0	5,976000000000000e-1	5,750999999999999e-1	9,165000000000000e-1	5,153000000000000e-1
3,280000000000000e+2	2,430000000000000e-1	1,793400000000000e+0	1,305200000000000e+0	1,004600000000000e+0	5,990000000000000e-1	5,773000000000000e-1	9,198000000000000e-1	5,150000000000000e-1
3,290000000000000e+2	2,433000000000000e-1	1,797800000000000e+0	1,314700000000000e+0	1,002700000000000e+0	6,001999999999999e-1	5,789000000000000e-1	9,265000000000000e-1	5,127000000000001e-1
3,300000000000000e+2	2,426000000000000e-1	1,809600000000000e+0	1,321800000000000e+0	1,004900000000000e+0	6,018000000000000e-1	5,776000000000000e-1	9,232000000000000e-1	5,098000000000000e-1
3,310000000000000e+2	2,432000000000000e-1	1,807300000000000e+0	1,347000000000000e+0	1,006400000000000e+0	6,041999999999999e-1	5,822000000000001e-1	9,253000000000000e-1	5,104999999999999e-1
3,320000000000000e+2	2,422000000000000e-1	1,839700000000000e+0	1,352000000000000e+0	1,009900000000000e+0	6,068000000000000e-1	5,835000000000000e-1	9,250000000000000e-1	5,090000000000000e-1
3,330000000000000e+2	2,441000000000000e-1	1,817000000000000e+0	1,367600000000000e+0	1,010100000000000e+0	6,080000000000000e-1	5,835000000000000e-1	9,283000000000000e-1	5,081000000000000e-1
3,340000000000000e+2	2,424000000000000e-1	1,802200000000000e+0	1,372700000000000e+0	1,007900000000000e+0	6,080000000000000e-1	5,850999999999999e-1	9,269000000000000e-1	5,070000000000000e-1
3,350000000000000e+2	2,426000000000000e-1	1,809900000000000e+0	1,384300000000000e+0	1,009800000000000e+0	6,080000000000000e-1	5,868000000000000e-1	9,268000000000000e-1	5,074000000000000e-1
3,360000000000000e+2	2,424000000000000e-1	1,776800000000000e+0	1,398400000000000e+0	1,007700000000000e+0	6,074000000000001e-1	5,862000000000001e-1	9,308000000000000e-1	5,042000000000000e-1
3,370000000000000e+2	2,431000000000000e-1	1,778200000000000e+0	1,395600000000000e+0	1,007100000000000e+0	6,101000000000000e-1	5,919000000000000e-1	9,314000000000000e-1	5,054000000000000e-1
3,380000000000000e+2	2,426000000000000e-1	1,769400000000000e+0	1,401600000000000e+0	1,007400000000000e+0	6,106000000000000e-1	5,909000000000000e-1	9,345000000000000e-1	5,026000000000001e-1
3,390000000000000e+2	2,421000000000000e-1	1,779800000000000e+0	1,413800000000000e+0	1,008200000000000e+0	6,115000000000001e-1	5,897000000000000e-1	9,336000000000000e-1	5,012000000000000e-1
3,400000000000000e+2	2,445000000000000e-1	1,793900000000000e+0	1,408900000000000e+0	1,008800000000000e+0	6,127000000000000e-1	5,919000000000000e-1	9,323000000000000e-1	5,020000000000000e-1
3,410000000000000e+2	2,432000000000000e-1	1,803800000000000e+0	1,416500000000000e+0	1,013400000000000e+0	6,127000000000000e-1	5,904000000000000e-1	9,321000000000000e-1	5,033999999999999e-1
3,420000000000000e+2	2,420000000000000e-1	1,806700000000000e+0	1,425100000000000e+0	1,009300000000000e+0	6,115000000000001e-1	5,875000000000000e-1	9,306000000000000e-1	5,003000000000000e-1
3,430000000000000e+2	2,435000000000000e-1	1,806700000000000e+0	1,413400000000000e+0	1,014300000000000e+0	6,107000000000000e-1	5,881999999999999e-1	9,320000000000000e-1	4,993000000000000e-1
3,440000000000000e+2	2,455000000000000e-1	1,759800000000000e+0	1,419800000000000e+0	1,011700000000000e+0	6,118000000000000e-1	5,880000000000000e-1	9,333000000000000e-1	5,008000000000000e-1
3,450000000000000e+2	2,435000000000000e-1	1,763400000000000e+0	1,407600000000000e+0	1,018200000000000e+0	6,098000000000000e-1	5,866000000000000e-1	9,244000000000000e-1	4,987000000000000e-1
3,460000000000000e+2	2,426000000000000e-1	1,765400000000000e+0	1,394100000000000e+0	1,020900000000000e+0	6,084000000000001e-1	5,837000000000000e-1	9,299000000000000e-1	4,977000000000000e-1
3,470000000000000e+2	2,428000000000000e-1	1,783300000000000e+0	1,399300000000000e+0	1,017000000000000e+0	6,085000000000001e-1	5,823000000000000e-1	9,246000000000000e-1	4,983000000000000e-1
3,480000000000000e+2	2,435000000000000e-1	1,784300000000000e+0	1,379100000000000e+0	1,017500000000000e+0	6,062000000000000e-1	5,834000000000000e-1	9,262000000000000e-1	4,992000000000000e-1
3,490000000000000e+2	2,424000000000000e-1	1,833000000000000e+0	1,368000000000000e+0	1,022500000000000e+0	6,002999999999999e-1	5,815000000000000e-1	9,249000000000000e-1	4,935000000000000e-1
3,500000000000000e+2	2,429000000000000e-1	1,774100000000000e+0	1,354100000000000e+0	1,018800000000000e+0	6,001999999999999e-1	5,786000000000000e-1	9,225000000000000e-1	4,978000000000000e-1
3,510000000000000e+2	2,445000000000000e-1	1,766000000000000e+0	1,350000000000000e+0	1,015000000000000e+0	6,027000000000000e-1	5,765000000000000e-1	9,253000000000000e-1	4,972000000000000e-1
3,520000000000000e+2	2,442000000000000e-1	1,781200100000000e+0	1,337600000000000e+0	1,017600000000000e+0	6,026000000000000e-1	5,737000000000000e-1	9,204000000000000e-1	4,966000000000000e-1
3,530000000000000e+2	2,424000000000000e-1	1,758800000000000e+0	1,321200000000000e+0	1,025600000000000e+0	5,964000000000001e-1	5,679999999999999e-1	9,126000000000000e-1	4,963000000000000e-1
3,540000000000000e+2	2,435000000000000e-1	1,751400000000000e+0	1,308400000000000e+0	1,012800000000000e+0	5,900000000000000e-1	5,716000000000000e-1	9,102000000000000e-1	4,971000000000000e-1
3,550000000000000e+2	2,425000000000000e-1	1,765100100000000e+0	1,295700000000000e+0	1,020000000000000e+0	5,900000000000000e-1	5,646000000000000e-1	9,006000000000000e-1	4,965000000000000e-1
3,560000000000000e+2	2,422000000000000e-1	1,725800000000000e+0	1,270600000000000e+0	1,023600000000000e+0	5,864000000000000e-1	5,610000000000001e-1	9,103000000000000e-1	4,930000000000000e-1
3,570000000000000e+2	2,425000000000000e-1	1,797500000000000e+0	1,249100000000000e+0	1,024400000000000e+0	5,796000000000000e-1	5,598000000000000e-1	9,017000000000000e-1	4,946000000000000e-1
3,580000000000000e+2	2,422000000000000e-1	1,730300000000000e+0	1,233900000000000e+0	1,025200000000000e+0	5,794000000000000e-1	5,572000000000000e-1	9,015000000000000e-1	4,974000000000000e-1
3,590000000000000e+2	2,417000000000000e-1	1,784600000000000e+0	1,217500000000000e+0	1,029100000000000e+0	5,747000000000000e-1	5,536000000000000e-1	8,948000000000000e-1	4,956000000000000e-1
3,600000000000000e+2	3,074000000000000e-1	1,700600100000000e+0	1,138200000000000e+0	9,767000000000000e-1	6,413000000000000e-1	6,774000000000000e-1	7,859000000000000e-1	4,829000000000000e-1
3,610000000000000e+2	2,987000000000000e-1	1,522900000000000e+0	9,671000000000000e-1	8,393000000000000e-1	6,328000000000000e-1	7,419000000000000e-1	5,858000000000000e-1	3,954000000000000e-1
3,620000000000000e+2	2,791000000000000e-1	1,542400000000000e+0	9,272000000000000e-1	8,315000000000000e-1	6,147000000000000e-1	7,222000000000000e-1	5,667000000000000e-1	3,792000000000000e-1
3,630000000000000e+2	2,806000000000000e-1	1,531600000000000e+0	9,123000000000000e-1	8,315000000000000e-1	6,060000000000000e-1	7,196000000000000e-1	5,618000000000000e-1	3,823000000000000e-1
3,640000000000000e+2	2,828000000000000e-1	1,531700000000000e+0	8,973000000000000e-1	8,306000000000000e-1	6,109000000000000e-1	7,143000000000001e-1	5,625000000000000e-1	3,831000000000000e-1
3,650000000000000e+2	2,840000000000000e-1	1,556500000000000e+0	8,763000000000000e-1	8,381000000000000e-1	6,052000000000000e-1	7,029000000000000e-1	5,682000000000000e-1	3,890000000000000e-1
3,660000000000000e+2	2,854000000000000e-1	1,523800000000000e+0	8,560000000000000e-1	8,480000000000000e-1	5,983000000000001e-1	6,966000000000000e-1	5,649999999999999e-1	3,940000000000000e-1
3,670000000000000e+2	2,859000000000000e-1	1,536100000000000e+0	8,422000000000000e-1	8,463000000000000e-1	5,986000000000000e-1	6,896000000000000e-1	5,644000000000000e-1	3,921000000000000e-1
3,680000000000000e+2	2,857000000000000e-1	1,539500000000000e+0	8,264000000000000e-1	8,536000000000000e-1	5,968000000000000e-1	6,894000000000000e-1	5,608000000000000e-1	3,929000000000000e-1
3,690000000000000e+2	2,840000000000000e-1	1,551300000000000e+0	8,101000000000000e-1	8,554000000000000e-1	5,911999999999999e-1	6,856000000000000e-1	5,612000000000000e-1	3,916000000000000e-1
3,700000000000000e+2	2,846000000000000e-1	1,541600000000000e+0	7,948000000000000e-1	8,517000000000000e-1	5,881999999999999e-1	6,819000099999999e-1	5,543000000000000e-1	3,893000000000000e-1
3,710000000000000e+2	2,831000000000000e-1	1,550100000000000e+0	7,740000000000000e-1	8,548000000000000e-1	5,850999999999999e-1	6,749000000000001e-1	5,518999999999999e-1	3,898000000000000e-1
3,720000000000000e+2	2,853000000000000e-1	1,534200000000000e+0	7,630000000000000e-1	8,580000000000000e-1	5,820999999999999e-1	6,754000000000000e-1	5,492000000000000e-1	3,895000000000000e-1
3,730000000000000e+2	2,843000000000000e-1	1,546300000000000e+0	7,481000000000000e-1	8,562000000000000e-1	5,768000000000000e-1	6,731000000000000e-1	5,449000000000001e-1	3,878000000000000e-1
3,740000000000000e+2	2,842000000000000e-1	1,528000000000000e+0	7,316000000000000e-1	8,599000000000000e-1	5,733000000000000e-1	6,694000000000000e-1	5,442000000000000e-1	3,868000000000000e-1
3,750000000000000e+2	2,843000000000000e-1	1,530200000000000e+0	7,208000000000000e-1	8,661000000000000e-1	5,717000000000000e-1	6,674000000000000e-1	5,429000000000001e-1	3,897000000000000e-1
3,760000000000000e+2	2,835000000000000e-1	1,520300000000000e+0	7,079000000000000e-1	8,678000000000000e-1	5,695000000000000e-1	6,616000000000000e-1	5,387999999999999e-1	3,888000000000000e-1
3,770000000000000e+2	2,842000000000000e-1	1,534300000000000e+0	6,965000000000000e-1	8,689000000000000e-1	5,669999999999999e-1	6,603000000000000e-1	5,368000000000001e-1	3,868000000000000e-1
3,780000000000000e+2	2,841000000000000e-1	1,532600000000000e+0	6,848000000000000e-1	8,679000000000000e-1	5,649999999999999e-1	6,596000000000000e-1	5,361000000000000e-1	3,866000000000000e-1
3,790000000000000e+2	2,843000000000000e-1	1,536100000000000e+0	6,736000000000000e-1	8,710000000000000e-1	5,624000000000000e-1	6,545999999999999e-1	5,336999999999999e-1	3,863000000000000e-1
3,800000000000000e+2	2,847000000000000e-1	1,522600000000000e+0	6,624000000000000e-1	8,758000000000000e-1	5,604000000000000e-1	6,523000000000000e-1	5,321000000000000e-1	3,884000000000000e-1
3,810000000000000e+2	2,844000000000000e-1	1,526200000000000e+0	6,539000000000000e-1	8,756000000000000e-1	5,578000000000000e-1	6,515000000000000e-1	5,301000000000000e-1	3,876000000000000e-1
3,820000000000000e+2	2,843000000000000e-1	1,515400000000000e+0	6,454000000000000e-1	8,757000000000000e-1	5,556000000000000e-1	6,489000000000000e-1	5,285000000000000e-1	3,863000000000000e-1
3,830000000000000e+2	2,842000000000000e-1	1,518400000000000e+0	6,344999999999999e-1	8,814000000000000e-1	5,537999999999999e-1	6,467000000000001e-1	5,265000000000000e-1	3,861000000000000e-1
3,840000000000000e+2	2,842000000000000e-1	1,521500000000000e+0	6,273000000000000e-1	8,864000000000000e-1	5,523000000000000e-1	6,452000000000000e-1	5,248000000000001e-1	3,851000000000000e-1
3,850000000000000e+2	2,839000000000000e-1	1,527700000000000e+0	6,185000000000001e-1	8,872000000000000e-1	5,496000000000000e-1	6,415999999999999e-1	5,231000000000000e-1	3,854000000000000e-1
3,860000000000000e+2	2,831000000000000e-1	1,524600000000000e+0	6,128000000000000e-1	8,902000000000000e-1	5,474000000000000e-1	6,405999999999999e-1	5,209000000000000e-1	3,850000000000000e-1
3,870000000000000e+2	2,832000000000000e-1	1,513000000000000e+0	6,065000000000000e-1	8,929000000000000e-1	5,480000000000001e-1	6,390000000000000e-1	5,208000000000001e-1	3,839000000000000e-1
3,880000000000000e+2	2,833000000000000e-1	1,522500000000000e+0	6,004000000000001e-1	8,954000000000000e-1	5,450000000000000e-1	6,377000000000001e-1	5,193000000000000e-1	3,843000000000000e-1
3,890000000000000e+2	2,840000000000000e-1	1,519700000000000e+0	5,944000000000000e-1	9,002000000000000e-1	5,437999999999999e-1	6,371000000000000e-1	5,188000000000000e-1	3,833000000000000e-1
3,900000000000000e+2	2,841000000000000e-1	1,517100000000000e+0	5,890999999999999e-1	9,035000000000000e-1	5,425000000000000e-1	6,340000000000000e-1	5,171000000000000e-1	3,836000000000000e-1
3,910000000000000e+2	2,842000000000000e-1	1,526800000000000e+0	5,829000000000000e-1	9,059000000000000e-1	5,416999999999999e-1	6,328000000000000e-1	5,153000000000000e-1	3,833000000000000e-1
3,920000000000000e+2	2,841000000000000e-1	1,522300000000000e+0	5,779000000000000e-1	9,108000000000000e-1	5,392000000000000e-1	6,303000000000000e-1	5,149000000000000e-1	3,826000000000000e-1
3,930000000000000e+2	2,833000000000000e-1	1,519900000000000e+0	5,742000000000001e-1	9,147000000000000e-1	5,384000000000000e-1	6,296000000000001e-1	5,132000000000000e-1	3,826000000000000e-1
3,940000000000000e+2	2,832000000000000e-1	1,519700000000000e+0	5,697000000000000e-1	9,185000000000000e-1	5,374000000000000e-1	6,286000000000001e-1	5,121000000000000e-1	3,815000000000000e-1
3,950000000000000e+2	2,836000000000000e-1	1,517600000000000e+0	5,651000000000001e-1	9,224000000000000e-1	5,359000000000001e-1	6,266000000000001e-1	5,103000000000000e-1	3,803000000000000e-1
3,960000000000000e+2	2,833000000000000e-1	1,519700000000000e+0	5,608999999999999e-1	9,277000000000000e-1	5,351000000000000e-1	6,269000000000000e-1	5,097000000000001e-1	3,802000000000000e-1
3,970000000000000e+2	2,831000000000000e-1	1,515600000000000e+0	5,568000000000000e-1	9,309000000000000e-1	5,339000000000001e-1	6,246000000000001e-1	5,090000000000000e-1	3,797000000000000e-1
3,980000000000000e+2	2,830000000000000e-1	1,515700000000000e+0	5,531000000000000e-1	9,346000000000000e-1	5,326000000000000e-1	6,231000000000000e-1	5,076000000000001e-1	3,795000000000000e-1
3,990000000000000e+2	2,826000000000000e-1	1,511500000000000e+0	5,495000000000000e-1	9,402000000000000e-1	5,312000000000000e-1	6,228000000000000e-1	5,061000000000000e-1	3,791000000000000e-1
4,000000000000000e+2	2,827000000000000e-1	1,512800000000000e+0	5,461000000000000e-1	9,454000000000000e-1	5,308000000000001e-1	6,210000000000000e-1	5,058000000000000e-1	3,778000000000000e-1
4,010000000000000e+2	2,828000000000000e-1	1,506600000000000e+0	5,429000000000001e-1	9,506000000000000e-1	5,299000000000000e-1	6,210000000000000e-1	5,046000000000001e-1	3,779000000000000e-1
4,020000000000000e+2	2,829000000000000e-1	1,510700000000000e+0	5,401000000000000e-1	9,555000000000000e-1	5,291000000000000e-1	6,209000000000000e-1	5,038000000000000e-1	3,779000000000000e-1
4,030000000000000e+2	2,825000000000000e-1	1,512600000000000e+0	5,368000000000001e-1	9,610000000000000e-1	5,282000000000000e-1	6,200000000000000e-1	5,036000000000001e-1	3,775000000000000e-1
4,040000000000000e+2	2,826000000000000e-1	1,509500000000000e+0	5,350000000000000e-1	9,657000000000000e-1	5,269000000000000e-1	6,183000000000000e-1	5,022000000000000e-1	3,774000000000000e-1
4,050000000000000e+2	2,828000000000000e-1	1,514300000000000e+0	5,323000000000000e-1	9,716000000000000e-1	5,260000000000000e-1	6,172999999999999e-1	5,014999999999999e-1	3,772000000000000e-1
4,060000000000000e+2	2,826000000000000e-1	1,511200000000000e+0	5,289000000000000e-1	9,778000000000000e-1	5,248000000000001e-1	6,171000000000000e-1	5,007000000000000e-1	3,770000000000000e-1
4,070000000000000e+2	2,823000000000000e-1	1,507800000000000e+0	5,270000000000000e-1	9,843000000000000e-1	5,242000000000000e-1	6,160000000000000e-1	5,000000000000000e-1	3,766000000000000e-1
4,080000000000000e+2	2,826000000000000e-1	1,506600000000000e+0	5,244000000000000e-1	9,920000000000000e-1	5,238000000000001e-1	6,156000000000000e-1	4,994000000000000e-1	3,769000000000000e-1
4,090000000000000e+2	2,828000000000000e-1	1,511500000000000e+0	5,225000000000000e-1	9,965000000000000e-1	5,235000000000000e-1	6,146000000000000e-1	4,986000000000000e-1	3,766000000000000e-1
4,100000000000000e+2	2,829000000000000e-1	1,504600000000000e+0	5,204000000000000e-1	1,002700000000000e+0	5,222000000000000e-1	6,133999999999999e-1	4,976000000000000e-1	3,765000000000000e-1
4,110000000000000e+2	2,829000000000000e-1	1,508700000000000e+0	5,181000000000000e-1	1,010100000000000e+0	5,209000000000000e-1	6,121000000000000e-1	4,978000000000000e-1	3,765000000000000e-1
4,120000000000000e+2	2,829000000000000e-1	1,510800000000000e+0	5,167000000000001e-1	1,016000000000000e+0	5,205000000000000e-1	6,118000000000000e-1	4,972000000000000e-1	3,769000000000000e-1
4,130000000000000e+2	2,828000000000000e-1	1,511100000000000e+0	5,143000000000000e-1	1,024300000000000e+0	5,203000000000000e-1	6,104000000000001e-1	4,968000000000000e-1	3,775000000000000e-1
4,140000000000000e+2	2,827000000000000e-1	1,508200000000000e+0	5,124999999999999e-1	1,030800000000000e+0	5,197000000000001e-1	6,092000000000000e-1	4,958000000000000e-1	3,774000000000000e-1
4,150000000000000e+2	2,823000000000000e-1	1,509200000000000e+0	5,102000000000000e-1	1,037900000000000e+0	5,184000000000000e-1	6,097000000000000e-1	4,950000000000000e-1	3,772000000000000e-1
4,160000000000000e+2	2,836000000000000e-1	1,503800000000000e+0	5,060000000000000e-1	1,044300000000000e+0	5,193000000000000e-1	6,145000000000001e-1	4,925000000000000e-1	3,762000000000000e-1
4,170000000000000e+2	2,800000000000000e-1	1,502500000000000e+0	4,961000000000000e-1	1,044700000000000e+0	5,142000000000000e-1	6,150000000000000e-1	4,844000000000000e-1	3,694000000000000e-1
4,180000000000000e+2	2,785000000000000e-1	1,498000000000000e+0	4,929000000000000e-1	1,052100000000000e+0	5,123000000000000e-1	6,122999999999999e-1	4,821000000000000e-1	3,685000000000000e-1
4,190000000000000e+2	2,786000000000000e-1	1,499500000000000e+0	4,909000000000000e-1	1,059800000000000e+0	5,123000000000000e-1	6,114000000000001e-1	4,815000000000000e-1	3,691000000000000e-1
4,200000000000000e+2	2,784000000000000e-1	1,497700000000000e+0	4,893000000000000e-1	1,068400000000000e+0	5,114000000000000e-1	6,108000000000000e-1	4,810000000000000e-1	3,698000000000000e-1
4,210000000000000e+2	2,783000000000000e-1	1,498200000000000e+0	4,874000000000000e-1	1,075800000000000e+0	5,107000000000001e-1	6,105000000000001e-1	4,808000000000000e-1	3,711000000000000e-1
4,220000000000000e+2	2,787000000000000e-1	1,500500000000000e+0	4,862000000000000e-1	1,084500000000000e+0	5,103000000000000e-1	6,102000000000000e-1	4,800000000000000e-1	3,722000000000000e-1
4,230000000000000e+2	2,784000000000000e-1	1,499400000000000e+0	4,845000000000000e-1	1,091200000000000e+0	5,094999999999999e-1	6,089000000000000e-1	4,793000000000000e-1	3,731000000000000e-1
4,240000000000000e+2	2,784000000000000e-1	1,500700000000000e+0	4,834000000000000e-1	1,100500000000000e+0	5,088000000000000e-1	6,089000000000000e-1	4,788000000000000e-1	3,741000000000000e-1
4,250000000000000e+2	2,781000000000000e-1	1,502100000000000e+0	4,817000000000000e-1	1,107900000000000e+0	5,084000000000000e-1	6,080000000000000e-1	4,783000000000000e-1	3,753000000000000e-1
4,260000000000000e+2	2,780000000000000e-1	1,502300000000000e+0	4,801000000000000e-1	1,116500000000000e+0	5,079000000000000e-1	6,071000000000000e-1	4,779000000000000e-1	3,772000000000000e-1
4,270000000000000e+2	2,783000000000000e-1	1,502000000000000e+0	4,790000000000000e-1	1,124800000000000e+0	5,078000000000000e-1	6,072000000000000e-1	4,775000000000000e-1	3,788000000000000e-1
4,280000000000000e+2	2,781000000000000e-1	1,502200000000000e+0	4,779000000000000e-1	1,134100000000000e+0	5,070000000000000e-1	6,061000000000000e-1	4,768000000000000e-1	3,810000000000000e-1
4,290000000000000e+2	2,778000000000000e-1	1,503300000000000e+0	4,767000000000000e-1	1,142900000000000e+0	5,067000000000000e-1	6,054000000000001e-1	4,766000000000000e-1	3,831000000000000e-1
4,300000000000000e+2	2,781000000000000e-1	1,504600000000000e+0	4,756000000000000e-1	1,151100000000000e+0	5,064999999999999e-1	6,052000000000000e-1	4,766000000000000e-1	3,854000000000000e-1
4,310000000000000e+2	2,780000000000000e-1	1,503700000000000e+0	4,748000000000000e-1	1,159800000000000e+0	5,059000000000000e-1	6,049000000000000e-1	4,762000000000000e-1	3,876000000000000e-1
4,320000000000000e+2	2,780000000000000e-1	1,505700000000000e+0	4,736000000000000e-1	1,168500000000000e+0	5,054999999999999e-1	6,044000000000001e-1	4,756000000000000e-1	3,900000000000000e-1
4,330000000000000e+2	2,781000000000000e-1	1,505400000000000e+0	4,726000000000000e-1	1,175300000000000e+0	5,054000000000000e-1	6,040000000000000e-1	4,756000000000000e-1	3,924000000000000e-1
4,340000000000000e+2	2,778000000000000e-1	1,505800000000000e+0	4,714000000000000e-1	1,183600000000000e+0	5,046000000000001e-1	6,037000000000000e-1	4,749000000000000e-1	3,946000000000000e-1
4,350000000000000e+2	2,779000000000000e-1	1,505000000000000e+0	4,705000000000000e-1	1,191500000000000e+0	5,041000000000000e-1	6,037000000000000e-1	4,740000000000000e-1	3,971000000000000e-1
4,360000000000000e+2	2,779000000000000e-1	1,506600000000000e+0	4,698000000000000e-1	1,200000000000000e+0	5,038000000000000e-1	6,026000000000000e-1	4,739000000000000e-1	3,997000000000000e-1
4,370000000000000e+2	2,784000000000000e-1	1,508800000000000e+0	4,693000000000000e-1	1,206700000000000e+0	5,037000000000000e-1	6,027000000000000e-1	4,740000000000000e-1	4,023000000000000e-1
4,380000000000000e+2	2,781000000000000e-1	1,510100000000000e+0	4,682000000000000e-1	1,214900000000000e+0	5,039000000000000e-1	6,025000000000000e-1	4,741000000000000e-1	4,045000000000000e-1
4,390000000000000e+2	2,781000000000000e-1	1,510900000000000e+0	4,674000000000000e-1	1,222200000000000e+0	5,033999999999999e-1	6,021999999999999e-1	4,735000000000000e-1	4,064000000000000e-1
4,400000000000000e+2	2,784000000000000e-1	1,511000000000000e+0	4,667000000000000e-1	1,230500000000000e+0	5,036000000000001e-1	6,021999999999999e-1	4,733000000000000e-1	4,086000000000000e-1
4,410000000000000e+2	2,783000000000000e-1	1,511100000000000e+0	4,658000000000000e-1	1,237700000000000e+0	5,028000000000000e-1	6,020000000000000e-1	4,732000000000000e-1	4,097000000000000e-1
4,420000000000000e+2	2,782000000000000e-1	1,513600000000000e+0	4,652000000000000e-1	1,243700000000000e+0	5,024999999999999e-1	6,016000000000000e-1	4,729000000000000e-1	4,108000000000000e-1
4,430000000000000e+2	2,784000000000000e-1	1,513600000000000e+0	4,647000000000000e-1	1,250700000000000e+0	5,022000000000000e-1	6,008000000000000e-1	4,723000000000000e-1	4,115000000000000e-1
4,440000000000000e+2	2,783000000000000e-1	1,515900000000000e+0	4,642000000000000e-1	1,256900000000000e+0	5,019000000000000e-1	5,999000000000000e-1	4,722000000000000e-1	4,118000000000000e-1
4,450000000000000e+2	2,781000000000000e-1	1,516000000000000e+0	4,636000000000000e-1	1,264300000000000e+0	5,014999999999999e-1	5,995000000000000e-1	4,719000000000000e-1	4,117000000000000e-1
4,460000000000000e+2	2,780000000000000e-1	1,517300000000000e+0	4,628000000000000e-1	1,269900000000000e+0	5,011000000000000e-1	5,996000000000000e-1	4,716000000000000e-1	4,113000000000000e-1
4,470000000000000e+2	2,780000000000000e-1	1,517200000000000e+0	4,625000000000000e-1	1,275100000000000e+0	5,004999999999999e-1	5,995000000000000e-1	4,714000000000000e-1	4,105000000000000e-1
4,480000000000000e+2	2,778000000000000e-1	1,517800000000000e+0	4,620000000000000e-1	1,281400000000000e+0	5,003999999999999e-1	5,996000000000000e-1	4,712000000000000e-1	4,092000000000000e-1
4,490000000000000e+2	2,778000000000000e-1	1,519500000000000e+0	4,612000000000000e-1	1,285900000000000e+0	5,009000000000000e-1	5,991000000000000e-1	4,708000000000000e-1	4,073000000000000e-1
4,500000000000000e+2	2,779000000000000e-1	1,520900000000000e+0	4,606000000000000e-1	1,289700000000000e+0	5,003999999999999e-1	5,991000000000000e-1	4,708000000000000e-1	4,054000000000000e-1
4,510000000000000e+2	2,779000000000000e-1	1,522900000000000e+0	4,602000000000000e-1	1,295500000000000e+0	5,002000000000000e-1	5,985000000000000e-1	4,710000000000000e-1	4,032000000000000e-1
4,520000000000000e+2	2,775000000000000e-1	1,522800000000000e+0	4,597000000000000e-1	1,299600000000000e+0	5,001000000000000e-1	5,979000000000000e-1	4,705000000000000e-1	4,005000000000000e-1
4,530000000000000e+2	2,775000000000000e-1	1,524600000000000e+0	4,592000000000000e-1	1,302400000000000e+0	4,996000000000000e-1	5,977000000000000e-1	4,705000000000000e-1	3,982000000000000e-1
4,540000000000000e+2	2,778000000000000e-1	1,524900000000000e+0	4,589000000000000e-1	1,305400000000000e+0	4,994000000000000e-1	5,981999999999999e-1	4,703000000000000e-1	3,956000000000000e-1
4,550000000000000e+2	2,778000000000000e-1	1,525200000000000e+0	4,583000000000000e-1	1,309000000000000e+0	4,995000000000000e-1	5,979000000000000e-1	4,701000000000000e-1	3,931000000000000e-1
4,560000000000000e+2	2,778000000000000e-1	1,528300000000000e+0	4,580000000000000e-1	1,311100000000000e+0	4,994000000000000e-1	5,978000000000000e-1	4,700000000000000e-1	3,905000000000000e-1
4,570000000000000e+2	2,780000000000000e-1	1,528900000000000e+0	4,577000000000000e-1	1,313000000000000e+0	4,991000000000000e-1	5,973000000000001e-1	4,701000000000000e-1	3,878000000000000e-1
4,580000000000000e+2	2,780000000000000e-1	1,530700000000000e+0	4,574000000000000e-1	1,315800000000000e+0	4,990000000000000e-1	5,970000000000000e-1	4,696000000000000e-1	3,855000000000000e-1
4,590000000000000e+2	2,777000000000000e-1	1,531000000000000e+0	4,570000000000000e-1	1,316600000000000e+0	4,986000000000000e-1	5,973000000000001e-1	4,694000000000000e-1	3,831000000000000e-1
4,600000000000000e+2	2,775000000000000e-1	1,531800000000000e+0	4,570000000000000e-1	1,317100000000000e+0	4,983000000000000e-1	5,971000000000000e-1	4,696000000000000e-1	3,811000000000000e-1
4,610000000000000e+2	2,780000000000000e-1	1,533100000000000e+0	4,570000000000000e-1	1,317700000000000e+0	4,986000000000000e-1	5,971999999999999e-1	4,698000000000000e-1	3,793000000000000e-1
4,620000000000000e+2	2,780000000000000e-1	1,537200000000000e+0	4,570000000000000e-1	1,318900000000000e+0	4,986000000000000e-1	5,975000000000000e-1	4,700000000000000e-1	3,776000000000000e-1
4,630000000000000e+2	2,781000000000000e-1	1,538200000000000e+0	4,572000000000000e-1	1,318000000000000e+0	4,987000000000000e-1	5,974000000000001e-1	4,697000000000000e-1	3,757000000000000e-1
4,640000000000000e+2	2,782000000000000e-1	1,539100000000000e+0	4,569000000000000e-1	1,316700000000000e+0	4,987000000000000e-1	5,973000000000001e-1	4,698000000000000e-1	3,741000000000000e-1
4,650000000000000e+2	2,781000000000000e-1	1,540800000000000e+0	4,565000000000000e-1	1,315800000000000e+0	4,987000000000000e-1	5,971000000000000e-1	4,698000000000000e-1	3,723000000000000e-1
4,660000000000000e+2	2,778000000000000e-1	1,542800000000000e+0	4,566000000000000e-1	1,314300000000000e+0	4,987000000000000e-1	5,970000000000000e-1	4,699000000000000e-1	3,707000000000000e-1
4,670000000000000e+2	2,778000000000000e-1	1,545100000000000e+0	4,566000000000000e-1	1,311400000000000e+0	4,987000000000000e-1	5,970000000000000e-1	4,701000000000000e-1	3,692000000000000e-1
4,680000000000000e+2	2,777000000000000e-1	1,547500000000000e+0	4,566000000000000e-1	1,308500000000000e+0	4,987000000000000e-1	5,971000000000000e-1	4,701000000000000e-1	3,678000000000000e-1
4,690000000000000e+2	2,778000000000000e-1	1,550300000000000e+0	4,571000000000000e-1	1,306000000000000e+0	4,988000000000000e-1	5,969000000000000e-1	4,704000000000000e-1	3,666000000000000e-1
4,700000000000000e+2	2,778000000000000e-1	1,552400000000000e+0	4,576000000000000e-1	1,302200000000000e+0	4,990000000000000e-1	5,971000000000000e-1	4,706000000000000e-1	3,654000000000000e-1
4,710000000000000e+2	2,781000000000000e-1	1,554400000000000e+0	4,581000000000000e-1	1,298200000000000e+0	4,995000000000000e-1	5,975000000000000e-1	4,707000000000000e-1	3,645000000000000e-1
4,720000000000000e+2	2,779000000000000e-1	1,556900000000000e+0	4,587000000000000e-1	1,294300000000000e+0	5,000000000000000e-1	5,975000000000000e-1	4,712000000000000e-1	3,635000000000000e-1
4,730000000000000e+2	2,778000000000000e-1	1,561700000000000e+0	4,596000000000000e-1	1,289700000000000e+0	5,002000000000000e-1	5,977000000000000e-1	4,718000000000000e-1	3,624000000000000e-1
4,740000000000000e+2	2,779000000000000e-1	1,565300000000000e+0	4,604000000000000e-1	1,284000000000000e+0	5,007000000000000e-1	5,985000000000000e-1	4,726000000000000e-1	3,615000000000000e-1
4,750000000000000e+2	2,777000000000000e-1	1,569400000000000e+0	4,617000000000000e-1	1,278800000000000e+0	5,016000000000001e-1	5,991000000000000e-1	4,733000000000000e-1	3,609000000000000e-1
4,760000000000000e+2	2,774000000000000e-1	1,573300000000000e+0	4,627000000000000e-1	1,272800000000000e+0	5,018000000000000e-1	5,996000000000000e-1	4,740000000000000e-1	3,601000100000000e-1
4,770000000000000e+2	2,774000000000000e-1	1,578700000000000e+0	4,642000000000000e-1	1,266800000000000e+0	5,023999999999999e-1	6,007000000000000e-1	4,748000000000000e-1	3,594000000000000e-1
4,780000000000000e+2	2,776000000000000e-1	1,584300000000000e+0	4,660000000000000e-1	1,259900000000000e+0	5,031000000000000e-1	6,008000000000000e-1	4,758000000000000e-1	3,589000000000000e-1
4,790000000000000e+2	2,774000000000000e-1	1,589600000000000e+0	4,672000000000000e-1	1,252800000000000e+0	5,036000000000001e-1	6,012999999999999e-1	4,767000000000000e-1	3,580000000000000e-1
4,800000000000000e+2	2,773000000000000e-1	1,595500000000000e+0	4,690000000000000e-1	1,245600000000000e+0	5,044999999999999e-1	6,019000000000000e-1	4,776000000000000e-1	3,573000000000000e-1
4,810000000000000e+2	2,772000000000000e-1	1,602400000000000e+0	4,708000000000000e-1	1,238200000000000e+0	5,053000000000000e-1	6,027000000000000e-1	4,785000000000000e-1	3,564000000000000e-1
4,820000000000000e+2	2,770000000000000e-1	1,608800000000000e+0	4,731000000000000e-1	1,229900000000000e+0	5,064000000000000e-1	6,039000000000000e-1	4,799000000000000e-1	3,559000000000000e-1
4,830000000000000e+2	2,771000000000000e-1	1,616200000000000e+0	4,755000000000000e-1	1,222500000000000e+0	5,078000000000000e-1	6,050000000000000e-1	4,812000000000000e-1	3,554000000000000e-1
4,840000000000000e+2	2,769000000000000e-1	1,623900000000000e+0	4,780000000000000e-1	1,214000000000000e+0	5,092000000000000e-1	6,056000000000000e-1	4,825000000000000e-1	3,546000000000000e-1
4,850000000000000e+2	2,767000000000000e-1	1,632200000000000e+0	4,804000000000000e-1	1,205700000000000e+0	5,102000000000000e-1	6,072000000000000e-1	4,839000000000000e-1	3,539000000000000e-1
4,860000000000000e+2	2,766000000000000e-1	1,640400000000000e+0	4,831000000000000e-1	1,197000000000000e+0	5,117000000000001e-1	6,092000000000000e-1	4,851000000000000e-1	3,535000000000000e-1
4,870000000000000e+2	2,765000000000000e-1	1,650200000000000e+0	4,858000000000000e-1	1,187800000000000e+0	5,131000000000000e-1	6,110000000000000e-1	4,864000000000000e-1	3,529000000000000e-1
4,880000000000000e+2	2,764000000000000e-1	1,659900000000000e+0	4,890000000000000e-1	1,179100000000000e+0	5,151000000000000e-1	6,132999999999999e-1	4,881000000000000e-1	3,525000000000000e-1
4,890000000000000e+2	2,765000000000000e-1	1,671600000000000e+0	4,923000000000000e-1	1,170000000000000e+0	5,164999999999999e-1	6,148000000000000e-1	4,896000000000000e-1	3,520000100000000e-1
4,900000000000000e+2	2,764000000000000e-1	1,682600000000000e+0	4,956000000000000e-1	1,160900000000000e+0	5,185999999999999e-1	6,162999999999999e-1	4,914000000000000e-1	3,518000000000000e-1
4,910000000000000e+2	2,766000000000000e-1	1,694300000000000e+0	4,992000000000000e-1	1,151700000000000e+0	5,205000000000000e-1	6,185000000000001e-1	4,932000000000000e-1	3,513000000000000e-1
4,920000000000000e+2	2,766000000000000e-1	1,707300000000000e+0	5,029000000000000e-1	1,142300000000000e+0	5,224000000000000e-1	6,201000000000000e-1	4,953000000000000e-1	3,511000000000000e-1
4,930000000000000e+2	2,769000000000000e-1	1,721000000000000e+0	5,064000000000000e-1	1,132900000000000e+0	5,240000000000000e-1	6,218000000000000e-1	4,967000000000000e-1	3,509000000000000e-1
4,940000000000000e+2	2,767000000000000e-1	1,735200000000000e+0	5,100000000000000e-1	1,123500000000000e+0	5,256999999999999e-1	6,236000000000001e-1	4,986000000000000e-1	3,507000000000000e-1
4,950000000000000e+2	2,766000000000000e-1	1,750700000000000e+0	5,133000000000000e-1	1,113800000000000e+0	5,275000000000000e-1	6,254999999999999e-1	5,002000000000000e-1	3,503000000000000e-1
4,960000000000000e+2	2,766000000000000e-1	1,765100100000000e+0	5,167000000000001e-1	1,104000000000000e+0	5,295999999999999e-1	6,268000000000000e-1	5,019000000000000e-1	3,500000100000000e-1
4,970000000000000e+2	2,768000000000000e-1	1,780700000000000e+0	5,197000000000001e-1	1,094200000000000e+0	5,311000000000000e-1	6,283999999999999e-1	5,034999999999999e-1	3,496000000000000e-1
4,980000000000000e+2	2,766000000000000e-1	1,796400000000000e+0	5,224000000000000e-1	1,084500000000000e+0	5,326000000000000e-1	6,308000000000000e-1	5,051000000000000e-1	3,492000000000000e-1
4,990000000000000e+2	2,768000000000000e-1	1,814800000000000e+0	5,254000000000000e-1	1,075400000000000e+0	5,340000000000000e-1	6,321000000000000e-1	5,064000000000000e-1	3,491000000000000e-1
5,000000000000000e+2	2,771000000000000e-1	1,832800000000000e+0	5,278000000000001e-1	1,065900000000000e+0	5,353000000000000e-1	6,332000000000000e-1	5,077000000000001e-1	3,488000000000000e-1
5,010000000000000e+2	2,770000000000000e-1	1,851000000000000e+0	5,300000000000000e-1	1,056400000000000e+0	5,365000000000000e-1	6,340000000000000e-1	5,086000000000001e-1	3,485000100000000e-1
5,020000000000000e+2	2,769000000000000e-1	1,871400000000000e+0	5,319000000000000e-1	1,046800000000000e+0	5,373000000000000e-1	6,353000000000000e-1	5,094000000000000e-1	3,484000000000000e-1
5,030000000000000e+2	2,770000000000000e-1	1,890300000000000e+0	5,334000000000000e-1	1,038100000000000e+0	5,382000000000000e-1	6,362000000000000e-1	5,102000000000000e-1	3,482000000000000e-1
5,040000000000000e+2	2,770000000000000e-1	1,912400000000000e+0	5,343000000000000e-1	1,028600000000000e+0	5,387999999999999e-1	6,368000000000000e-1	5,106000000000001e-1	3,481000000000000e-1
5,050000000000000e+2	2,770000000000000e-1	1,932000000000000e+0	5,346000000000000e-1	1,019400000000000e+0	5,390000000000000e-1	6,367000000000001e-1	5,109000000000000e-1	3,476000000000000e-1
5,060000000000000e+2	2,772000000000000e-1	1,954400000000000e+0	5,350000000000000e-1	1,010500000000000e+0	5,392000000000000e-1	6,366000000000001e-1	5,113000000000000e-1	3,477000000000000e-1
5,070000000000000e+2	2,770000000000000e-1	1,973700000000000e+0	5,344000000000000e-1	1,002000000000000e+0	5,382000000000000e-1	6,368000000000000e-1	5,109000000000000e-1	3,474000000000000e-1
5,080000000000000e+2	2,771000000000000e-1	1,993600000000000e+0	5,332000000000000e-1	9,934000000000000e-1	5,382000000000000e-1	6,361000000000000e-1	5,102000000000000e-1	3,470000100000000e-1
5,090000000000000e+2	2,771000000000000e-1	2,015600000000000e+0	5,319000000000000e-1	9,851000000000000e-1	5,376000000000000e-1	6,351000000000000e-1	5,094999999999999e-1	3,469000000000000e-1
5,100000000000000e+2	2,772000000000000e-1	2,039000000000000e+0	5,303000000000000e-1	9,771000000000000e-1	5,366999999999999e-1	6,344000000000000e-1	5,084999999999999e-1	3,468000000000000e-1
5,110000000000000e+2	2,773000000000000e-1	2,063100000000000e+0	5,285999999999999e-1	9,693000000000000e-1	5,356000000000000e-1	6,338000000000000e-1	5,078000000000000e-1	3,467000000000000e-1
5,120000000000000e+2	2,773000000000000e-1	2,087200000000000e+0	5,262000000000000e-1	9,617000000000000e-1	5,345000000000000e-1	6,323000000000000e-1	5,062000000000000e-1	3,466000000000000e-1
5,130000000000000e+2	2,771000000000000e-1	2,108900000000000e+0	5,234000000000000e-1	9,539000000000000e-1	5,329000000000001e-1	6,308000000000000e-1	5,049000000000000e-1	3,463000000000000e-1
5,140000000000000e+2	2,769000000000000e-1	2,131500000000000e+0	5,200000000000000e-1	9,458000000000000e-1	5,308000000000001e-1	6,287000000000000e-1	5,033000000000000e-1	3,458000000000000e-1
5,150000000000000e+2	2,769000000000000e-1	2,155400000000000e+0	5,165999999999999e-1	9,384000000000000e-1	5,293000000000000e-1	6,274999999999999e-1	5,013999999999999e-1	3,458000000000000e-1
5,160000000000000e+2	2,771000000000000e-1	2,179300000000000e+0	5,133000000000000e-1	9,312000000000000e-1	5,273000000000000e-1	6,253999999999999e-1	4,997000000000000e-1	3,458000000000000e-1
5,170000000000000e+2	2,773000000000000e-1	2,205300000000000e+0	5,093000000000000e-1	9,240000000000000e-1	5,252000000000000e-1	6,233000000000000e-1	4,977000000000000e-1	3,455000100000000e-1
5,180000000000000e+2	2,773000000000000e-1	2,230200000000000e+0	5,052000000000000e-1	9,169000000000000e-1	5,231000000000000e-1	6,213999999999999e-1	4,956000000000000e-1	3,452000000000000e-1
5,190000000000000e+2	2,772000000000000e-1	2,254100000000000e+0	5,014999999999999e-1	9,102000000000000e-1	5,211000000000000e-1	6,192000000000000e-1	4,935000000000000e-1	3,451000000000000e-1
5,200000000000000e+2	2,769000000000000e-1	2,283200000000000e+0	4,977000000000000e-1	9,042000000000000e-1	5,193000000000000e-1	6,168000000000000e-1	4,914000000000000e-1	3,451000000000000e-1
5,210000000000000e+2	2,768000000000000e-1	2,303800000000000e+0	4,942000000000000e-1	8,981000000000000e-1	5,174000000000000e-1	6,149000000000000e-1	4,896000000000000e-1	3,450000100000000e-1
5,220000000000000e+2	2,770000000000000e-1	2,330100000000000e+0	4,904000000000000e-1	8,917000000000000e-1	5,152000000000000e-1	6,128000000000000e-1	4,875000000000000e-1	3,447000000000000e-1
5,230000000000000e+2	2,769000000000000e-1	2,350900000000000e+0	4,865000000000000e-1	8,860000000000000e-1	5,133000000000000e-1	6,112000000000000e-1	4,854000000000000e-1	3,446000000000000e-1
5,240000000000000e+2	2,767000000000000e-1	2,378200000000000e+0	4,827000000000000e-1	8,802000000000000e-1	5,114000000000000e-1	6,090000000000000e-1	4,835000000000000e-1	3,443000000000000e-1
5,250000000000000e+2	2,770000000000000e-1	2,397100000000000e+0	4,794000000000000e-1	8,746000000000000e-1	5,093000000000000e-1	6,077000000000000e-1	4,819000000000000e-1	3,443000000000000e-1
5,260000000000000e+2	2,771000000000000e-1	2,419700000000000e+0	4,764000000000000e-1	8,694000000000000e-1	5,077000000000001e-1	6,060000000000000e-1	4,803000000000000e-1	3,443000000000000e-1
5,270000000000000e+2	2,769000000000000e-1	2,445300000000000e+0	4,732000000000000e-1	8,640000000000000e-1	5,062000000000000e-1	6,044000000000001e-1	4,786000000000000e-1	3,441000000000000e-1
5,280000000000000e+2	2,771000000000000e-1	2,466300000000000e+0	4,703000000000000e-1	8,593000000000000e-1	5,049000000000000e-1	6,028000000000000e-1	4,772000000000000e-1	3,440000100000000e-1
5,290000000000000e+2	2,775000000000000e-1	2,487500000000000e+0	4,677000000000000e-1	8,553000000000000e-1	5,034999999999999e-1	6,012999999999999e-1	4,761000000000000e-1	3,442000000000000e-1
5,300000000000000e+2	2,772000000000000e-1	2,510700000000000e+0	4,649000000000000e-1	8,503000000000000e-1	5,019000000000000e-1	5,994000000000001e-1	4,744000000000000e-1	3,439000000000000e-1
5,310000000000000e+2	2,770000000000000e-1	2,523900000000000e+0	4,624000000000000e-1	8,460000000000000e-1	5,006000000000001e-1	5,976000000000000e-1	4,729000000000000e-1	3,436000000000000e-1
5,320000000000000e+2	2,771000000000000e-1	2,542600000000000e+0	4,601000000000000e-1	8,420000000000000e-1	4,997000000000000e-1	5,961000000000000e-1	4,719000000000000e-1	3,436000000000000e-1
5,330000000000000e+2	2,769000000000000e-1	2,569500000000000e+0	4,579000000000000e-1	8,380000000000000e-1	4,985000000000000e-1	5,956000000000000e-1	4,707000000000000e-1	3,433000000000000e-1
5,340000000000000e+2	2,767000000000000e-1	2,583500000000000e+0	4,560000000000000e-1	8,343000000000000e-1	4,973000000000000e-1	5,945000000000000e-1	4,699000000000000e-1	3,432000000000000e-1
5,350000000000000e+2	2,767000000000000e-1	2,604400000000000e+0	4,543000000000000e-1	8,308000000000000e-1	4,962000000000000e-1	5,935000000000000e-1	4,689000000000000e-1	3,431000000000000e-1
5,360000000000000e+2	2,770000000000000e-1	2,624100000000000e+0	4,524000000000000e-1	8,272000000000000e-1	4,956000000000000e-1	5,933000000000001e-1	4,677000000000000e-1	3,425000000000000e-1
5,370000000000000e+2	2,767000000000000e-1	2,636200000000000e+0	4,496000000000000e-1	8,231000000000000e-1	4,945000000000000e-1	5,923000000000001e-1	4,661000000000000e-1	3,412000000000000e-1
5,380000000000000e+2	2,765000000000000e-1	2,650300000000000e+0	4,480000000000000e-1	8,199000000000000e-1	4,938000000000000e-1	5,914000000000000e-1	4,651000000000000e-1	3,410000000000000e-1
5,390000000000000e+2	2,764000000000000e-1	2,660200000000000e+0	4,465000000000000e-1	8,167000000000000e-1	4,928000000000000e-1	5,909000000000000e-1	4,645000000000000e-1	3,409000000000000e-1
5,400000000000000e+2	2,766000000000000e-1	2,675900000000000e+0	4,454000000000000e-1	8,140000000000000e-1	4,920000000000000e-1	5,907000000000000e-1	4,638000000000000e-1	3,409000000000000e-1
5,410000000000000e+2	2,768000000000000e-1	2,687100000000000e+0	4,442000000000000e-1	8,112000000000000e-1	4,914000000000000e-1	5,900999999999999e-1	4,633000000000000e-1	3,408000000000000e-1
5,420000000000000e+2	2,767000000000000e-1	2,704800000000000e+0	4,431000000000000e-1	8,087000000000000e-1	4,909000000000000e-1	5,899000000000000e-1	4,627000000000000e-1	3,408000000000000e-1
5,430000000000000e+2	2,767000000000000e-1	2,718900000000000e+0	4,420000000000000e-1	8,061000000000000e-1	4,905000000000000e-1	5,898000000000000e-1	4,623000000000000e-1	3,407000000000000e-1
5,440000000000000e+2	2,767000000000000e-1	2,734000000000000e+0	4,413000000000000e-1	8,037000000000000e-1	4,901000000000000e-1	5,887000000000000e-1	4,621000000000000e-1	3,407000000000000e-1
5,450000000000000e+2	2,766000000000000e-1	2,740300000000000e+0	4,402000000000000e-1	8,015000000000000e-1	4,895000000000000e-1	5,879000000000000e-1	4,614000000000000e-1	3,404000000000000e-1
5,460000000000000e+2	2,766000000000000e-1	2,754600000000000e+0	4,392000000000000e-1	7,994000000000000e-1	4,890000000000000e-1	5,870999999999999e-1	4,608000000000000e-1	3,403000000000000e-1
5,470000000000000e+2	2,767000000000000e-1	2,768600000000000e+0	4,386000000000000e-1	7,974000000000000e-1	4,887000000000000e-1	5,864000000000000e-1	4,604000000000000e-1	3,404000000000000e-1
5,480000000000000e+2	2,764000000000000e-1	2,765500000000000e+0	4,377000000000000e-1	7,952000000000000e-1	4,884000000000000e-1	5,860999999999999e-1	4,599000000000000e-1	3,400000000000000e-1
5,490000000000000e+2	2,769000000000000e-1	2,775300000000000e+0	4,367000000000000e-1	7,934000000000000e-1	4,882000000000000e-1	5,864000000000000e-1	4,595000000000000e-1	3,400000000000000e-1
5,500000000000000e+2	2,769000000000000e-1	2,782900000000000e+0	4,361000000000000e-1	7,916000000000000e-1	4,878000000000000e-1	5,864000000000000e-1	4,593000000000000e-1	3,400000000000000e-1
5,510000000000000e+2	2,768000000000000e-1	2,795000000000000e+0	4,357000000000000e-1	7,900000000000000e-1	4,875000000000000e-1	5,860999999999999e-1	4,592000000000000e-1	3,400000000000000e-1
5,520000000000000e+2	2,766000000000000e-1	2,803000000000000e+0	4,349000000000000e-1	7,882000000000000e-1	4,868000000000000e-1	5,853000000000001e-1	4,588000000000000e-1	3,396000000000000e-1
5,530000000000000e+2	2,769000000000000e-1	2,800700000000000e+0	4,344000000000000e-1	7,868000000000000e-1	4,868000000000000e-1	5,852000000000001e-1	4,587000000000000e-1	3,397000000000000e-1
5,540000000000000e+2	2,765000000000000e-1	2,804400000000000e+0	4,338000000000000e-1	7,852000000000000e-1	4,862000000000000e-1	5,849000000000000e-1	4,582000000000000e-1	3,395000000000000e-1
5,550000000000000e+2	2,764000000000000e-1	2,804800000000000e+0	4,333000000000000e-1	7,838000000000000e-1	4,860000000000000e-1	5,842000000000001e-1	4,580000000000000e-1	3,394000100000000e-1
5,560000000000000e+2	2,765000000000000e-1	2,811100000000000e+0	4,330000000000000e-1	7,825000000000000e-1	4,857000000000000e-1	5,837000000000000e-1	4,577000000000000e-1	3,394000100000000e-1
5,570000000000000e+2	2,764000000000000e-1	2,812700000000000e+0	4,326000000000000e-1	7,811000000000000e-1	4,857000000000000e-1	5,834000000000000e-1	4,576000000000000e-1	3,394000100000000e-1
5,580000000000000e+2	2,762000000000000e-1	2,815600000000000e+0	4,322000000000000e-1	7,799000000000000e-1	4,853000000000000e-1	5,834000000000000e-1	4,572000000000000e-1	3,392000000000000e-1
5,590000000000000e+2	2,762000000000000e-1	2,811400000000000e+0	4,318000000000000e-1	7,788000000000000e-1	4,852000000000000e-1	5,832000000000001e-1	4,570000000000000e-1	3,391000000000000e-1
5,600000000000000e+2	2,762000000000000e-1	2,814900000000000e+0	4,314000000000000e-1	7,777000000000000e-1	4,851000000000000e-1	5,828000000000000e-1	4,569000000000000e-1	3,391000000000000e-1
5,610000000000000e+2	2,762000000000000e-1	2,813800000000000e+0	4,311000000000000e-1	7,766000000000000e-1	4,848000000000000e-1	5,823000000000000e-1	4,569000000000000e-1	3,391000000000000e-1
5,620000000000000e+2	2,761000000000000e-1	2,807700000000000e+0	4,308000000000000e-1	7,755000000000000e-1	4,847000000000000e-1	5,820999999999999e-1	4,568000000000000e-1	3,390000000000000e-1
5,630000000000000e+2	2,763000000000000e-1	2,804300000000000e+0	4,303000000000000e-1	7,744000000000000e-1	4,845000000000000e-1	5,825000000000000e-1	4,564000000000000e-1	3,388000000000000e-1
5,640000000000000e+2	2,762000000000000e-1	2,800300000000000e+0	4,300000000000000e-1	7,732000000000000e-1	4,846000000000000e-1	5,826000000000000e-1	4,563000000000000e-1	3,387000000000000e-1
5,650000000000000e+2	2,764000000000000e-1	2,787800000000000e+0	4,298000000000000e-1	7,723000000000000e-1	4,845000000000000e-1	5,822000000000001e-1	4,561000000000000e-1	3,387000000000000e-1
5,660000000000000e+2	2,765000000000000e-1	2,791600000000000e+0	4,294000000000000e-1	7,713000000000000e-1	4,840000000000000e-1	5,815000000000000e-1	4,558000000000000e-1	3,385000000000000e-1
5,670000000000000e+2	2,763000000000000e-1	2,781600000000000e+0	4,290000000000000e-1	7,704000000000000e-1	4,836000000000000e-1	5,818000000000000e-1	4,557000000000000e-1	3,385000000000000e-1
5,680000000000000e+2	2,760000000000000e-1	2,771600000000000e+0	4,286000000000000e-1	7,695000000000000e-1	4,833000000000000e-1	5,810999999999999e-1	4,556000000000000e-1	3,384000100000000e-1
5,690000000000000e+2	2,761000000000000e-1	2,770600000000000e+0	4,285000000000000e-1	7,687000000000000e-1	4,835000000000000e-1	5,815000000000000e-1	4,554000000000000e-1	3,385000000000000e-1
5,700000000000000e+2	2,761000000000000e-1	2,755500000000000e+0	4,283000000000000e-1	7,679000000000000e-1	4,836000000000000e-1	5,816000000000000e-1	4,553000000000000e-1	3,383000000000000e-1
5,710000000000000e+2	2,764000000000000e-1	2,742800000000000e+0	4,281000000000000e-1	7,673000000000000e-1	4,833000000000000e-1	5,810999999999999e-1	4,550000000000000e-1	3,384000100000000e-1
5,720000000000000e+2	2,764000000000000e-1	2,736100000000000e+0	4,276000000000000e-1	7,664000000000000e-1	4,831000000000000e-1	5,808000000000000e-1	4,550000000000000e-1	3,382000000000000e-1
5,730000000000000e+2	2,760000000000000e-1	2,719500000000000e+0	4,272000000000000e-1	7,655000000000000e-1	4,825000000000000e-1	5,806000000000000e-1	4,548000000000000e-1	3,380000000000000e-1
5,740000000000000e+2	2,759000000000000e-1	2,706400000000000e+0	4,269000000000000e-1	7,647000000000000e-1	4,824000000000000e-1	5,799000000000000e-1	4,547000000000000e-1	3,380000000000000e-1
5,750000000000000e+2	2,757000000000000e-1	2,688600000000000e+0	4,265000000000000e-1	7,637000000000000e-1	4,821000000000000e-1	5,798000000000000e-1	4,543000000000000e-1	3,378000000000000e-1
5,760000000000000e+2	2,760000000000000e-1	2,676800000000000e+0	4,265000000000000e-1	7,632000000000000e-1	4,818000000000000e-1	5,800999999999999e-1	4,543000000000000e-1	3,379000100000000e-1
5,770000000000000e+2	2,761000000000000e-1	2,659500000000000e+0	4,261000000000000e-1	7,623000000000000e-1	4,817000000000000e-1	5,807000000000000e-1	4,542000000000000e-1	3,378000000000000e-1
5,780000000000000e+2	2,760000000000000e-1	2,642300000000000e+0	4,258000000000000e-1	7,619000000000000e-1	4,816000000000000e-1	5,800000000000000e-1	4,541000000000000e-1	3,377000000000000e-1
5,790000000000000e+2	2,761000000000000e-1	2,625200000000000e+0	4,255000000000000e-1	7,612000000000000e-1	4,816000000000000e-1	5,796000000000000e-1	4,538000000000000e-1	3,376000000000000e-1
5,800000000000000e+2	2,761000000000000e-1	2,608900000000000e+0	4,250000000000000e-1	7,604000000000000e-1	4,814000000000000e-1	5,792000000000001e-1	4,536000000000000e-1	3,374000100000000e-1
5,810000000000000e+2	2,759000000000000e-1	2,591300000000000e+0	4,248000000000000e-1	7,599000000000000e-1	4,811000000000000e-1	5,789000000000000e-1	4,534000000000000e-1	3,375000000000000e-1
5,820000000000000e+2	2,760000000000000e-1	2,571300000000000e+0	4,243000000000000e-1	7,590000000000000e-1	4,808000000000000e-1	5,786000000000000e-1	4,530000000000000e-1	3,372000000000000e-1
5,830000000000000e+2	2,763000000000000e-1	2,550800000000000e+0	4,242000000000000e-1	7,584000000000000e-1	4,805000000000000e-1	5,782000000000001e-1	4,529000000000000e-1	3,372000000000000e-1
5,840000000000000e+2	2,761000000000000e-1	2,525300000000000e+0	4,238000000000000e-1	7,577000000000000e-1	4,803000000000000e-1	5,782000000000001e-1	4,525000000000000e-1	3,371000000000000e-1
5,850000000000000e+2	2,762000000000000e-1	2,504500000000000e+0	4,235000000000000e-1	7,572000000000000e-1	4,802000000000000e-1	5,779999999999999e-1	4,522000000000000e-1	3,371000000000000e-1
5,860000000000000e+2	2,763000000000000e-1	2,483000000000000e+0	4,234000000000000e-1	7,568000000000000e-1	4,798000000000000e-1	5,783000000000000e-1	4,523000000000000e-1	3,371000000000000e-1
5,870000000000000e+2	2,765000000000000e-1	2,458800000000000e+0	4,233000000000000e-1	7,561000000000000e-1	4,801000000000000e-1	5,780999999999999e-1	4,523000000000000e-1	3,372000000000000e-1
5,880000000000000e+2	2,763000000000000e-1	2,435800000000000e+0	4,229000000000000e-1	7,554000000000000e-1	4,797000000000000e-1	5,777000000000000e-1	4,520000000000000e-1	3,370000000000000e-1
5,890000000000000e+2	2,760000000000000e-1	2,410100000000000e+0	4,224000000000000e-1	7,547000000000000e-1	4,789000000000000e-1	5,775000000000000e-1	4,517000000000000e-1	3,369000100000000e-1
5,900000000000000e+2	2,760000000000000e-1	2,386500000000000e+0	4,220000000000000e-1	7,538000000000000e-1	4,785000000000000e-1	5,777000000000000e-1	4,512000000000000e-1	3,365000000000000e-1
5,910000000000000e+2	2,762000000000000e-1	2,362200000000000e+0	4,219000000000000e-1	7,533000000000000e-1	4,785000000000000e-1	5,776000000000000e-1	4,514000000000000e-1	3,366000000000000e-1
5,920000000000000e+2	2,763000000000000e-1	2,335700000000000e+0	4,216000000000000e-1	7,527000000000000e-1	4,784000000000000e-1	5,777000000000000e-1	4,515000000000000e-1	3,367000000000000e-1
5,930000000000000e+2	2,765000000000000e-1	2,311400000000000e+0	4,214000000000000e-1	7,522000000000000e-1	4,786000000000000e-1	5,772000000000001e-1	4,513000000000000e-1	3,367000000000000e-1
5,940000000000000e+2	2,764000000000000e-1	2,283800000000000e+0	4,211000000000000e-1	7,513000000000000e-1	4,787000000000000e-1	5,767000000000000e-1	4,512000000000000e-1	3,366000000000000e-1
5,950000000000000e+2	2,759000000000000e-1	2,256400000000000e+0	4,207000000000000e-1	7,505000000000000e-1	4,781000000000000e-1	5,762000000000001e-1	4,507000000000000e-1	3,364000100000000e-1
5,960000000000000e+2	2,758000000000000e-1	2,233600000000000e+0	4,205000000000000e-1	7,499000000000000e-1	4,778000000000000e-1	5,759000000000000e-1	4,504000000000000e-1	3,363000000000000e-1
5,970000000000000e+2	2,758000000000000e-1	2,206100000000000e+0	4,202000000000000e-1	7,492000000000000e-1	4,776000000000000e-1	5,758000000000000e-1	4,503000000000000e-1	3,362000000000000e-1
5,980000000000000e+2	2,760000000000000e-1	2,180500000000000e+0	4,200000000000000e-1	7,485000000000000e-1	4,772000000000000e-1	5,760999999999999e-1	4,503000000000000e-1	3,362000000000000e-1
5,990000000000000e+2	2,758000000000000e-1	2,153700000000000e+0	4,194000000000000e-1	7,477000000000000e-1	4,771000000000000e-1	5,753000000000000e-1	4,501000000000000e-1	3,360000000000000e-1
6,000000000000000e+2	2,761000000000000e-1	2,127900000000000e+0	4,193000000000000e-1	7,471000000000000e-1	4,771000000000000e-1	5,749999999999999e-1	4,501000000000000e-1	3,361000000000000e-1
6,010000000000000e+2	2,761000000000000e-1	2,100700000000000e+0	4,191000000000000e-1	7,460000000000000e-1	4,768000000000000e-1	5,745000000000000e-1	4,496000000000000e-1	3,360000000000000e-1
6,020000000000000e+2	2,760000000000000e-1	2,075200000000000e+0	4,188000000000000e-1	7,453000000000000e-1	4,768000000000000e-1	5,746000000000000e-1	4,492000000000000e-1	3,360000000000000e-1
6,030000000000000e+2	2,760000000000000e-1	2,049200000000000e+0	4,187000000000000e-1	7,448000000000000e-1	4,766000000000000e-1	5,741000000000001e-1	4,491000000000000e-1	3,359000100000000e-1
6,040000000000000e+2	2,759000000000000e-1	2,024800000000000e+0	4,185000000000000e-1	7,440000000000000e-1	4,764000000000000e-1	5,742000000000001e-1	4,491000000000000e-1	3,359000100000000e-1
6,050000000000000e+2	2,756000000000000e-1	2,001400000000000e+0	4,181000000000000e-1	7,431000000000000e-1	4,760000000000000e-1	5,739999999999999e-1	4,488000000000000e-1	3,358000000000000e-1
6,060000000000000e+2	2,759000000000000e-1	1,978100000000000e+0	4,180000000000000e-1	7,425000000000000e-1	4,756000000000000e-1	5,737000000000000e-1	4,487000000000000e-1	3,357000000000000e-1
6,070000000000000e+2	2,758000000000000e-1	1,954400000000000e+0	4,176000000000000e-1	7,417000000000000e-1	4,756000000000000e-1	5,733000000000000e-1	4,486000000000000e-1	3,355000000000000e-1
6,080000000000000e+2	2,756000000000000e-1	1,930700000000000e+0	4,174000000000000e-1	7,410000000000000e-1	4,755000000000000e-1	5,733000000000000e-1	4,486000000000000e-1	3,355000000000000e-1
6,090000000000000e+2	2,759000000000000e-1	1,907900000000000e+0	4,174000000000000e-1	7,405000000000000e-1	4,755000000000000e-1	5,732000000000001e-1	4,485000000000000e-1	3,357000000000000e-1
6,100000000000000e+2	2,760000000000000e-1	1,884400000000000e+0	4,172000000000000e-1	7,396000000000000e-1	4,756000000000000e-1	5,729999999999999e-1	4,481000000000000e-1	3,356000000000000e-1
6,110000000000000e+2	2,759000000000000e-1	1,861800000000000e+0	4,171000000000000e-1	7,391000000000000e-1	4,754000000000000e-1	5,729999999999999e-1	4,483000000000000e-1	3,357000000000000e-1
6,120000000000000e+2	2,759000000000000e-1	1,839100000000000e+0	4,169000000000000e-1	7,382000000000000e-1	4,749000000000000e-1	5,729000000000000e-1	4,482000000000000e-1	3,356000000000000e-1
6,130000000000000e+2	2,758000000000000e-1	1,817900000000000e+0	4,165000000000000e-1	7,372000000000000e-1	4,745000000000000e-1	5,726000000000000e-1	4,480000000000000e-1	3,354000000000000e-1
6,140000000000000e+2	2,758000000000000e-1	1,795200000000000e+0	4,164000000000000e-1	7,364000000000000e-1	4,748000000000000e-1	5,725000000000000e-1	4,479000000000000e-1	3,353000000000000e-1
6,150000000000000e+2	2,758000000000000e-1	1,774300000000000e+0	4,162000000000000e-1	7,358000000000000e-1	4,745000000000000e-1	5,725000000000000e-1	4,479000000000000e-1	3,353000000000000e-1
6,160000000000000e+2	2,757000000000000e-1	1,754200000000000e+0	4,159000000000000e-1	7,350000000000000e-1	4,744000000000000e-1	5,723000000000000e-1	4,477000000000000e-1	3,352000000000000e-1
6,170000000000000e+2	2,759000000000000e-1	1,733000000000000e+0	4,158000000000000e-1	7,343000000000000e-1	4,743000000000000e-1	5,718000000000000e-1	4,477000000000000e-1	3,351000000000000e-1
6,180000000000000e+2	2,758000000000000e-1	1,712500000000000e+0	4,155000000000000e-1	7,335000000000000e-1	4,742000000000000e-1	5,718000000000000e-1	4,476000000000000e-1	3,350000000000000e-1
6,190000000000000e+2	2,762000000000000e-1	1,695700000000000e+0	4,157000000000000e-1	7,332000000000000e-1	4,744000000000000e-1	5,723000000000000e-1	4,476000000000000e-1	3,353000000000000e-1
6,200000000000000e+2	2,757000000000000e-1	1,676500000000000e+0	4,151000000000000e-1	7,321000000000000e-1	4,740000000000000e-1	5,715000000000000e-1	4,472000000000000e-1	3,348000000000000e-1
6,210000000000000e+2	2,757000000000000e-1	1,659000000000000e+0	4,151000000000000e-1	7,316000000000000e-1	4,740000000000000e-1	5,712000000000001e-1	4,472000000000000e-1	3,349000000000000e-1
6,220000000000000e+2	2,757000000000000e-1	1,642100000000000e+0	4,151000000000000e-1	7,311000000000000e-1	4,738000000000000e-1	5,714000000000000e-1	4,473000000000000e-1	3,351000000000000e-1
6,230000000000000e+2	2,757000000000000e-1	1,625100000000000e+0	4,149000000000000e-1	7,303000000000000e-1	4,734000000000000e-1	5,711000000000001e-1	4,472000000000000e-1	3,350000000000000e-1
6,240000000000000e+2	2,759000000000000e-1	1,608700000000000e+0	4,147000000000000e-1	7,298000000000000e-1	4,734000000000000e-1	5,707000000000000e-1	4,470000000000000e-1	3,349000000000000e-1
6,250000000000000e+2	2,757000000000000e-1	1,592900000000000e+0	4,146000000000000e-1	7,292000000000000e-1	4,732000000000000e-1	5,707000000000000e-1	4,464000000000000e-1	3,348000000000000e-1
6,260000000000000e+2	2,755000000000000e-1	1,578000000000000e+0	4,142000000000000e-1	7,285000000000000e-1	4,730000000000000e-1	5,707000000000000e-1	4,462000000000000e-1	3,346000000000000e-1
6,270000000000000e+2	2,756000000000000e-1	1,563700000000000e+0	4,140000000000000e-1	7,280000000000000e-1	4,727000000000000e-1	5,705000000000000e-1	4,464000000000000e-1	3,345000000000000e-1
6,280000000000000e+2	2,757000000000000e-1	1,550100000000000e+0	4,137000000000000e-1	7,275000000000000e-1	4,725000000000000e-1	5,704000000000000e-1	4,464000000000000e-1	3,344000000000000e-1
6,290000000000000e+2	2,757000000000000e-1	1,537100000000000e+0	4,137000000000000e-1	7,272000000000000e-1	4,726000000000000e-1	5,702000000000001e-1	4,464000000000000e-1	3,344000000000000e-1
6,300000000000000e+2	2,757000000000000e-1	1,524500000000000e+0	4,136000000000000e-1	7,267000000000000e-1	4,726000000000000e-1	5,705000000000000e-1	4,467000000000000e-1	3,345000000000000e-1
6,310000000000000e+2	2,755000000000000e-1	1,511900000000000e+0	4,136000000000000e-1	7,265000000000000e-1	4,725000000000000e-1	5,706000000000000e-1	4,464000000000000e-1	3,344000000000000e-1
6,320000000000000e+2	2,755000000000000e-1	1,500000000000000e+0	4,136000000000000e-1	7,261000000000000e-1	4,728000000000000e-1	5,699000000000000e-1	4,465000000000000e-1	3,344000000000000e-1
6,330000000000000e+2	2,755000000000000e-1	1,488500000000000e+0	4,134000000000000e-1	7,259000000000000e-1	4,725000000000000e-1	5,691000000000001e-1	4,464000000000000e-1	3,344000000000000e-1
6,340000000000000e+2	2,758000000000000e-1	1,477900000000000e+0	4,135000000000000e-1	7,257000000000000e-1	4,725000000000000e-1	5,695000000000000e-1	4,467000000000000e-1	3,345000000000000e-1
6,350000000000000e+2	2,758000000000000e-1	1,467500000000000e+0	4,139000000000000e-1	7,260000000000000e-1	4,726000000000000e-1	5,698000000000000e-1	4,469000000000000e-1	3,348000000000000e-1
6,360000000000000e+2	2,754000000000000e-1	1,457800000000000e+0	4,140000000000000e-1	7,262000000000000e-1	4,722000000000000e-1	5,688000000000000e-1	4,473000000000000e-1	3,348000000000000e-1
6,370000000000000e+2	2,749000000000000e-1	1,448300000000000e+0	4,139000000000000e-1	7,262000000000000e-1	4,719000000000000e-1	5,683000000000000e-1	4,472000000000000e-1	3,345000000000000e-1
6,380000000000000e+2	2,746000000000000e-1	1,439100000000000e+0	4,138000000000000e-1	7,261000000000000e-1	4,712000000000000e-1	5,681000000000001e-1	4,472000000000000e-1	3,342000000000000e-1
6,390000000000000e+2	2,746000000000000e-1	1,430100000000000e+0	4,136000000000000e-1	7,262000000000000e-1	4,711000000000000e-1	5,681000000000001e-1	4,472000000000000e-1	3,340000000000000e-1
6,400000000000000e+2	2,744000000000000e-1	1,422000000000000e+0	4,135000000000000e-1	7,261000000000000e-1	4,708000000000000e-1	5,677000000000000e-1	4,470000000000000e-1	3,338000000000000e-1
6,410000000000000e+2	2,745000000000000e-1	1,414000000000000e+0	4,134000000000000e-1	7,260000000000000e-1	4,705000000000000e-1	5,677000000000000e-1	4,469000000000000e-1	3,337000000000000e-1
6,420000000000000e+2	2,743000000000000e-1	1,406300000000000e+0	4,134000000000000e-1	7,259000000000000e-1	4,703000000000000e-1	5,677000000000000e-1	4,468000000000000e-1	3,336000000000000e-1
6,430000000000000e+2	2,746000000000000e-1	1,399200000000000e+0	4,133000000000000e-1	7,260000000000000e-1	4,706000000000000e-1	5,672000000000000e-1	4,467000000000000e-1	3,336000000000000e-1
6,440000000000000e+2	2,746000000000000e-1	1,392400000000000e+0	4,131000000000000e-1	7,260000000000000e-1	4,704000000000000e-1	5,671000000000001e-1	4,464000000000000e-1	3,334000000000000e-1
6,450000000000000e+2	2,747000000000000e-1	1,385900000000000e+0	4,126000000000000e-1	7,259000000000000e-1	4,702000000000000e-1	5,672000000000000e-1	4,462000000000000e-1	3,332000000000000e-1
6,460000000000000e+2	2,748000000000000e-1	1,379700000000000e+0	4,126000000000000e-1	7,261000000000000e-1	4,704000000000000e-1	5,678000000000000e-1	4,462000000000000e-1	3,333000000000000e-1
6,470000000000000e+2	2,748000000000000e-1	1,373500000000000e+0	4,126000000000000e-1	7,262000000000000e-1	4,706000000000000e-1	5,678000000000000e-1	4,459000000000000e-1	3,333000000000000e-1
6,480000000000000e+2	2,747000000000000e-1	1,367600000000000e+0	4,124000000000000e-1	7,262000000000000e-1	4,705000000000000e-1	5,674000000000000e-1	4,457000000000000e-1	3,331000000000000e-1
6,490000000000000e+2	2,752000000000000e-1	1,362300000000000e+0	4,125000000000000e-1	7,266000000000000e-1	4,707000000000000e-1	5,677000000000000e-1	4,459000000000000e-1	3,334000000000000e-1
6,500000000000000e+2	2,752000000000000e-1	1,356800000000000e+0	4,122000000000000e-1	7,265000000000000e-1	4,706000000000000e-1	5,678000000000000e-1	4,453000000000000e-1	3,333000000000000e-1
6,510000000000000e+2	2,752000000000000e-1	1,351700000000000e+0	4,119000000000000e-1	7,266000000000000e-1	4,705000000000000e-1	5,679000000000000e-1	4,454000000000000e-1	3,332000000000000e-1
6,520000000000000e+2	2,751000000000000e-1	1,346500000000000e+0	4,115000000000000e-1	7,265000000000000e-1	4,703000000000000e-1	5,676000000000000e-1	4,449000000000000e-1	3,329000000000000e-1
6,530000000000000e+2	2,751000000000000e-1	1,342300000000000e+0	4,115000000000000e-1	7,267000000000000e-1	4,703000000000000e-1	5,676000000000000e-1	4,448000000000000e-1	3,331000000000000e-1
6,540000000000000e+2	2,752000000000000e-1	1,338200000000000e+0	4,115000000000000e-1	7,271000000000000e-1	4,704000000000000e-1	5,678000000000000e-1	4,450000000000000e-1	3,331000000000000e-1
6,550000000000000e+2	2,751000000000000e-1	1,334000000000000e+0	4,115000000000000e-1	7,273000000000000e-1	4,703000000000000e-1	5,677000000000000e-1	4,446000000000000e-1	3,331000000000000e-1
6,560000000000000e+2	2,752000000000000e-1	1,330000000000000e+0	4,112000000000000e-1	7,277000000000000e-1	4,705000000000000e-1	5,679000000000000e-1	4,447000000000000e-1	3,330000000000000e-1
6,570000000000000e+2	2,753000000000000e-1	1,326300000000000e+0	4,111000000000000e-1	7,281000000000000e-1	4,702000000000000e-1	5,679000000000000e-1	4,447000000000000e-1	3,329000000000000e-1
6,580000000000000e+2	2,755000000000000e-1	1,322600000000000e+0	4,111000000000000e-1	7,285000000000000e-1	4,702000000000000e-1	5,677000000000000e-1	4,447000000000000e-1	3,329000000000000e-1
6,590000000000000e+2	2,754000000000000e-1	1,319000000000000e+0	4,109000000000000e-1	7,284000000000000e-1	4,702000000000000e-1	5,677000000000000e-1	4,442000000000000e-1	3,327000000000000e-1
6,600000000000000e+2	2,754000000000000e-1	1,315200000000000e+0	4,107000000000000e-1	7,286000000000000e-1	4,698000000000000e-1	5,675000000000000e-1	4,438000000000000e-1	3,325000000000000e-1
6,610000000000000e+2	2,752000000000000e-1	1,312000000000000e+0	4,107000000000000e-1	7,292000000000000e-1	4,699000000000000e-1	5,677000000000000e-1	4,438000000000000e-1	3,326000000000000e-1
6,620000000000000e+2	2,753000000000000e-1	1,308800000000000e+0	4,107000000000000e-1	7,297000000000000e-1	4,700000000000000e-1	5,673000000000000e-1	4,438000000000000e-1	3,326000000000000e-1
6,630000000000000e+2	2,755000000000000e-1	1,305800000000000e+0	4,105000000000000e-1	7,302000000000000e-1	4,699000000000000e-1	5,669999999999999e-1	4,436000000000000e-1	3,326000000000000e-1
6,640000000000000e+2	2,756000000000000e-1	1,302800000000000e+0	4,104000000000000e-1	7,306000000000000e-1	4,699000000000000e-1	5,673000000000000e-1	4,434000000000000e-1	3,325000000000000e-1
6,650000000000000e+2	2,755000000000000e-1	1,300200000000000e+0	4,102000000000000e-1	7,312000000000000e-1	4,698000000000000e-1	5,675000000000000e-1	4,433000000000000e-1	3,324000000000000e-1
6,660000000000000e+2	2,753000000000000e-1	1,297500000000000e+0	4,101000000000000e-1	7,317000000000000e-1	4,695000000000000e-1	5,679999999999999e-1	4,431000000000000e-1	3,322000000000000e-1
6,670000000000000e+2	2,755000000000000e-1	1,294900000000000e+0	4,100000000000000e-1	7,321000000000000e-1	4,692000000000000e-1	5,674000000000000e-1	4,431000000000000e-1	3,322000000000000e-1
6,680000000000000e+2	2,755000000000000e-1	1,292700000000000e+0	4,101000000000000e-1	7,329000000000000e-1	4,695000000000000e-1	5,672000000000000e-1	4,431000000000000e-1	3,324000000000000e-1
6,690000000000000e+2	2,755000000000000e-1	1,290400000000000e+0	4,100000000000000e-1	7,335000000000000e-1	4,693000000000000e-1	5,675000000000000e-1	4,431000000000000e-1	3,324000000000000e-1
6,700000000000000e+2	2,755000000000000e-1	1,288300000000000e+0	4,101000000000000e-1	7,343000000000000e-1	4,694000000000000e-1	5,676000000000000e-1	4,430000000000000e-1	3,323000000000000e-1
6,710000000000000e+2	2,755000000000000e-1	1,286100000000000e+0	4,101000000000000e-1	7,351000000000000e-1	4,695000000000000e-1	5,675000000000000e-1	4,430000000000000e-1	3,324000000000000e-1
6,720000000000000e+2	2,757000000000000e-1	1,284000000000000e+0	4,099000000000000e-1	7,358000000000000e-1	4,693000000000000e-1	5,673000000000000e-1	4,427000000000000e-1	3,323000000000000e-1
6,730000000000000e+2	2,756000000000000e-1	1,281800000000000e+0	4,096000000000000e-1	7,363000000000000e-1	4,691000000000000e-1	5,671000000000001e-1	4,425000000000000e-1	3,321000000000000e-1
6,740000000000000e+2	2,754000000000000e-1	1,279700000000000e+0	4,094000000000000e-1	7,370000000000000e-1	4,692000000000000e-1	5,668000000000000e-1	4,424000000000000e-1	3,319000000000000e-1
6,750000000000000e+2	2,753000000000000e-1	1,278000000000000e+0	4,093000000000000e-1	7,378000000000000e-1	4,691000000000000e-1	5,665000000000000e-1	4,422000000000000e-1	3,318000000000000e-1
6,760000000000000e+2	2,754000000000000e-1	1,276100000000000e+0	4,091000000000000e-1	7,385000000000000e-1	4,688000000000000e-1	5,665000000000000e-1	4,419000000000000e-1	3,317000000000000e-1
6,770000000000000e+2	2,754000000000000e-1	1,274400000000000e+0	4,092000000000000e-1	7,394000000000000e-1	4,687000000000000e-1	5,663000000000000e-1	4,419000000000000e-1	3,316000000000000e-1
6,780000000000000e+2	2,758000000000000e-1	1,273000000000000e+0	4,094000000000000e-1	7,404000000000000e-1	4,689000000000000e-1	5,659999999999999e-1	4,421000000000000e-1	3,319000000000000e-1
6,790000000000000e+2	2,757000000000000e-1	1,271600000000000e+0	4,093000000000000e-1	7,413000000000000e-1	4,688000000000000e-1	5,662000000000000e-1	4,421000000000000e-1	3,318000000000000e-1
6,800000000000000e+2	2,756000000000000e-1	1,269800000000000e+0	4,092000000000000e-1	7,420000000000000e-1	4,686000000000000e-1	5,661000000000001e-1	4,418000000000000e-1	3,317000000000000e-1
6,810000000000000e+2	2,757000000000000e-1	1,268300000000000e+0	4,090000000000000e-1	7,430000000000000e-1	4,687000000000000e-1	5,661000000000001e-1	4,417000000000000e-1	3,316000000000000e-1
6,820000000000000e+2	2,756000000000000e-1	1,266700000000000e+0	4,089000000000000e-1	7,440000000000000e-1	4,685000000000000e-1	5,658000000000000e-1	4,416000000000000e-1	3,316000000000000e-1
6,830000000000000e+2	2,756000000000000e-1	1,265400000000000e+0	4,088000000000000e-1	7,449000000000000e-1	4,682000000000000e-1	5,655000000000000e-1	4,413000000000000e-1	3,315000000000000e-1
6,840000000000000e+2	2,755000000000000e-1	1,264000000000000e+0	4,086000000000000e-1	7,460000000000000e-1	4,681000000000000e-1	5,656000000000000e-1	4,413000000000000e-1	3,314000000000000e-1
6,850000000000000e+2	2,755000000000000e-1	1,263000000000000e+0	4,086000000000000e-1	7,471000000000000e-1	4,680000000000000e-1	5,659999999999999e-1	4,413000000000000e-1	3,315000000000000e-1
6,860000000000000e+2	2,758000000000000e-1	1,261800000000000e+0	4,089000000000000e-1	7,483000000000000e-1	4,678000000000000e-1	5,659999999999999e-1	4,415000000000000e-1	3,316000000000000e-1
6,870000000000000e+2	2,756000000000000e-1	1,260400000000000e+0	4,088000000000000e-1	7,495000000000000e-1	4,678000000000000e-1	5,658999999999999e-1	4,414000000000000e-1	3,315000000000000e-1
6,880000000000000e+2	2,755000000000000e-1	1,259100000000000e+0	4,085000000000000e-1	7,506000000000000e-1	4,678000000000000e-1	5,658000000000000e-1	4,413000000000000e-1	3,313000000000000e-1
6,890000000000000e+2	2,754000000000000e-1	1,257900000000000e+0	4,085000000000000e-1	7,518000000000000e-1	4,676000000000000e-1	5,657000000000000e-1	4,410000000000000e-1	3,313000000000000e-1
6,900000000000000e+2	2,757000000000000e-1	1,256500000000000e+0	4,085000000000000e-1	7,531000000000000e-1	4,677000000000000e-1	5,656000000000000e-1	4,409000000000000e-1	3,312000000000000e-1
6,910000000000000e+2	2,755000000000000e-1	1,255500000000000e+0	4,082000000000000e-1	7,544000000000000e-1	4,672000000000000e-1	5,652000000000000e-1	4,406000000000000e-1	3,310000000000000e-1
6,920000000000000e+2	2,753000000000000e-1	1,254500000000000e+0	4,082000000000000e-1	7,558000000000000e-1	4,672000000000000e-1	5,649999999999999e-1	4,406000000000000e-1	3,311000000000000e-1
6,930000000000000e+2	2,754000000000000e-1	1,253400000000000e+0	4,080000000000000e-1	7,569000000000000e-1	4,670000000000000e-1	5,649999999999999e-1	4,403000000000000e-1	3,310000000000000e-1
6,940000000000000e+2	2,751000000000000e-1	1,252500000000000e+0	4,080000000000000e-1	7,583000000000000e-1	4,671000000000000e-1	5,648999999999999e-1	4,402000000000000e-1	3,309000000000000e-1
6,950000000000000e+2	2,754000000000000e-1	1,251500000000000e+0	4,078000000000000e-1	7,598000000000000e-1	4,670000000000000e-1	5,651000000000001e-1	4,403000000000000e-1	3,309000000000000e-1
6,960000000000000e+2	2,753000000000000e-1	1,250600000000000e+0	4,078000000000000e-1	7,612000000000000e-1	4,672000000000000e-1	5,649999999999999e-1	4,403000000000000e-1	3,309000000000000e-1
6,970000000000000e+2	2,753000000000000e-1	1,249500000000000e+0	4,078000000000000e-1	7,625000000000000e-1	4,670000000000000e-1	5,644000000000000e-1	4,403000000000000e-1	3,308000000000000e-1
6,980000000000000e+2	2,752000000000000e-1	1,248600000000000e+0	4,077000000000000e-1	7,640000000000000e-1	4,669000000000000e-1	5,643000000000000e-1	4,401000000000000e-1	3,308000000000000e-1
6,990000000000000e+2	2,753000000000000e-1	1,247700000000000e+0	4,075000000000000e-1	7,654000000000000e-1	4,671000000000000e-1	5,648999999999999e-1	4,399000000000000e-1	3,307000000000000e-1
7,000000000000000e+2	2,755000000000000e-1	1,246800000000000e+0	4,075000000000000e-1	7,669000000000000e-1	4,668000000000000e-1	5,645000000000000e-1	4,398000000000000e-1	3,308000000000000e-1
7,010000000000000e+2	2,755000000000000e-1	1,246000000000000e+0	4,075000000000000e-1	7,684000000000000e-1	4,664000000000000e-1	5,641000000000001e-1	4,399000000000000e-1	3,307000000000000e-1
7,020000000000000e+2	2,755000000000000e-1	1,245400000000000e+0	4,075000000000000e-1	7,698000000000000e-1	4,664000000000000e-1	5,641000000000001e-1	4,397000000000000e-1	3,308000000000000e-1
7,030000000000000e+2	2,753000000000000e-1	1,244400000000000e+0	4,073000000000000e-1	7,711000000000000e-1	4,665000000000000e-1	5,641000000000001e-1	4,396000000000000e-1	3,306000000000000e-1
7,040000000000000e+2	2,753000000000000e-1	1,243500000000000e+0	4,073000000000000e-1	7,726000000000000e-1	4,665000000000000e-1	5,639999999999999e-1	4,397000000000000e-1	3,306000000000000e-1
7,050000000000000e+2	2,753000000000000e-1	1,242700000000000e+0	4,072000000000000e-1	7,741000000000000e-1	4,661000000000000e-1	5,634000000000000e-1	4,397000000000000e-1	3,305000000000000e-1
7,060000000000000e+2	2,752000000000000e-1	1,241800000000000e+0	4,069000000000000e-1	7,753000000000000e-1	4,659000000000000e-1	5,638000000000000e-1	4,394000000000000e-1	3,303000000000000e-1
7,070000000000000e+2	2,752000000000000e-1	1,240900000000000e+0	4,066000000000000e-1	7,765000000000000e-1	4,659000000000000e-1	5,637000000000000e-1	4,390000000000000e-1	3,302000000000000e-1
7,080000000000000e+2	2,753000000000000e-1	1,240300000000000e+0	4,069000000000000e-1	7,780000000000000e-1	4,656000000000000e-1	5,634000000000000e-1	4,392000000000000e-1	3,304000000000000e-1
7,090000000000000e+2	2,753000000000000e-1	1,239200000000000e+0	4,067000000000000e-1	7,791000000000000e-1	4,654000000000000e-1	5,633000000000000e-1	4,393000000000000e-1	3,303000000000000e-1
7,100000000000000e+2	2,753000000000000e-1	1,238600000000000e+0	4,067000000000000e-1	7,805000000000000e-1	4,656000000000000e-1	5,632000000000000e-1	4,392000000000000e-1	3,302000000000000e-1
7,110000000000000e+2	2,753000000000000e-1	1,238000000000000e+0	4,066000000000000e-1	7,817000000000000e-1	4,655000000000000e-1	5,637000000000000e-1	4,390000000000000e-1	3,302000000000000e-1
7,120000000000000e+2	2,755000000000000e-1	1,237400000000000e+0	4,065000000000000e-1	7,829000000000000e-1	4,657000000000000e-1	5,633000000000000e-1	4,394000000000000e-1	3,303000000000000e-1
7,130000000000000e+2	2,756000000000000e-1	1,236700000000000e+0	4,064000000000000e-1	7,842000000000000e-1	4,657000000000000e-1	5,632000000000000e-1	4,392000000000000e-1	3,303000000000000e-1
7,140000000000000e+2	2,756000000000000e-1	1,236000000000000e+0	4,062000000000000e-1	7,851000000000000e-1	4,654000000000000e-1	5,632000000000000e-1	4,390000000000000e-1	3,303000000000000e-1
7,150000000000000e+2	2,752000000000000e-1	1,235100000000000e+0	4,061000000000000e-1	7,858000000000000e-1	4,651000000000000e-1	5,631000000000001e-1	4,388000000000000e-1	3,301000000000000e-1
7,160000000000000e+2	2,750000000000000e-1	1,234200000000000e+0	4,060000000000000e-1	7,866000000000000e-1	4,651000000000000e-1	5,629999999999999e-1	4,388000000000000e-1	3,300000000000000e-1
7,170000000000000e+2	2,750000000000000e-1	1,233500000000000e+0	4,059000000000000e-1	7,875000000000000e-1	4,650000000000000e-1	5,624000000000000e-1	4,386000000000000e-1	3,299000000000000e-1
7,180000000000000e+2	2,750000000000000e-1	1,232700000000000e+0	4,057000000000000e-1	7,880000000000000e-1	4,647000000000000e-1	5,622000000000000e-1	4,385000000000000e-1	3,299000000000000e-1
7,190000000000000e+2	2,749000000000000e-1	1,232000000000000e+0	4,055000000000000e-1	7,883000000000000e-1	4,648000000000000e-1	5,618000000000000e-1	4,382000000000000e-1	3,298000000000000e-1
7,200000000000000e+2	2,750000000000000e-1	1,231300000000000e+0	4,053000000000000e-1	7,886000000000000e-1	4,644000000000000e-1	5,616000000000000e-1	4,381000000000000e-1	3,296000000000000e-1
7,210000000000000e+2	2,752000000000000e-1	1,230800000000000e+0	4,053000000000000e-1	7,891000000000000e-1	4,643000000000000e-1	5,621000000000001e-1	4,382000000000000e-1	3,297000000000000e-1
7,220000000000000e+2	2,753000000000000e-1	1,230000000000000e+0	4,051000000000000e-1	7,893000000000000e-1	4,644000000000000e-1	5,628999999999999e-1	4,380000000000000e-1	3,297000000000000e-1
7,230000000000000e+2	2,751000000000000e-1	1,229200000000000e+0	4,050000000000000e-1	7,894000000000000e-1	4,642000000000000e-1	5,625000000000000e-1	4,380000000000000e-1	3,297000000000000e-1
7,240000000000000e+2	2,754000000000000e-1	1,228600000000000e+0	4,049000000000000e-1	7,893000000000000e-1	4,643000000000000e-1	5,618999999999999e-1	4,381000000000000e-1	3,297000000000000e-1
7,250000000000000e+2	2,753000000000000e-1	1,228100000000000e+0	4,048000000000000e-1	7,891000000000000e-1	4,642000000000000e-1	5,617000000000000e-1	4,381000000000000e-1	3,296000000000000e-1
7,260000000000000e+2	2,752000000000000e-1	1,227600000000000e+0	4,047000000000000e-1	7,889000000000000e-1	4,645000000000000e-1	5,615000000000000e-1	4,382000000000000e-1	3,296000000000000e-1
7,270000000000000e+2	2,750000000000000e-1	1,227100000000000e+0	4,045000000000000e-1	7,886000000000000e-1	4,642000000000000e-1	5,616000000000000e-1	4,379000000000000e-1	3,296000000000000e-1
7,280000000000000e+2	2,752000000000000e-1	1,226400000000000e+0	4,046000000000000e-1	7,885000000000000e-1	4,642000000000000e-1	5,620000000000001e-1	4,379000000000000e-1	3,298000000000000e-1
7,290000000000000e+2	2,754000000000000e-1	1,225600000000000e+0	4,043000000000000e-1	7,876000000000000e-1	4,641000000000000e-1	5,618000000000000e-1	4,376000000000000e-1	3,296000000000000e-1
7,300000000000000e+2	2,755000000000000e-1	1,224700000000000e+0	4,038000000000000e-1	7,867000000000000e-1	4,639000000000000e-1	5,613000000000000e-1	4,372000000000000e-1	3,294000000000000e-1
7,310000000000000e+2	2,754000000000000e-1	1,224300000000000e+0	4,040000000000000e-1	7,859000000000000e-1	4,639000000000000e-1	5,614000000000000e-1	4,373000000000000e-1	3,294000000000000e-1
7,320000000000000e+2	2,752000000000000e-1	1,223800000000000e+0	4,039000000000000e-1	7,850000000000000e-1	4,638000000000000e-1	5,618000000000000e-1	4,374000000000000e-1	3,293000000000000e-1
7,330000000000000e+2	2,750000000000000e-1	1,223100000000000e+0	4,035000000000000e-1	7,839000000000000e-1	4,636000000000000e-1	5,613000000000000e-1	4,375000000000000e-1	3,293000000000000e-1
7,340000000000000e+2	2,751000000000000e-1	1,222500000000000e+0	4,034000000000000e-1	7,829000000000000e-1	4,636000000000000e-1	5,615000000000000e-1	4,372000000000000e-1	3,292000000000000e-1
7,350000000000000e+2	2,751000000000000e-1	1,221800000000000e+0	4,032000000000000e-1	7,816000000000000e-1	4,637000000000000e-1	5,614000000000000e-1	4,372000000000000e-1	3,293000000000000e-1
7,360000000000000e+2	2,752000000000000e-1	1,221000000000000e+0	4,030000000000000e-1	7,802000000000000e-1	4,635000000000000e-1	5,615000000000000e-1	4,370000000000000e-1	3,291000000000000e-1
7,370000000000000e+2	2,752000000000000e-1	1,220400000000000e+0	4,030000000000000e-1	7,787000000000000e-1	4,635000000000000e-1	5,610000000000001e-1	4,371000000000000e-1	3,291000000000000e-1
7,380000000000000e+2	2,750000000000000e-1	1,219600000000000e+0	4,028000000000000e-1	7,771000000000000e-1	4,631000000000000e-1	5,601000000000001e-1	4,368000000000000e-1	3,289000000000000e-1
7,390000000000000e+2	2,753000000000000e-1	1,219100000000000e+0	4,028000000000000e-1	7,757000000000000e-1	4,631000000000000e-1	5,606000000000000e-1	4,369000000000000e-1	3,290000000000000e-1
7,400000000000000e+2	2,755000000000000e-1	1,218300000000000e+0	4,026000000000000e-1	7,741000000000000e-1	4,632000000000000e-1	5,611000000000001e-1	4,367000000000000e-1	3,290000000000000e-1
7,410000000000000e+2	2,753000000000000e-1	1,217800000000000e+0	4,023000000000000e-1	7,724000000000000e-1	4,633000000000000e-1	5,608000000000000e-1	4,368000000000000e-1	3,290000000000000e-1
7,420000000000000e+2	2,755000000000000e-1	1,217200000000000e+0	4,021000000000000e-1	7,706000000000000e-1	4,632000000000000e-1	5,608999999999999e-1	4,367000000000000e-1	3,290000000000000e-1
7,430000000000000e+2	2,753000000000000e-1	1,216800000000000e+0	4,019000000000000e-1	7,687000000000000e-1	4,631000000000000e-1	5,608999999999999e-1	4,368000000000000e-1	3,290000000000000e-1
7,440000000000000e+2	2,749000000000000e-1	1,216200000000000e+0	4,018000000000000e-1	7,669000000000000e-1	4,630000000000000e-1	5,607000000000000e-1	4,368000000000000e-1	3,289000000000000e-1
7,450000000000000e+2	2,750000000000000e-1	1,215600000000000e+0	4,018000000000000e-1	7,652000000000000e-1	4,628000000000000e-1	5,608999999999999e-1	4,368000000000000e-1	3,289000000000000e-1
7,460000000000000e+2	2,752000000000000e-1	1,214700000000000e+0	4,014000000000000e-1	7,632000000000000e-1	4,626000000000000e-1	5,606000000000000e-1	4,364000000000000e-1	3,287000000000000e-1
7,470000000000000e+2	2,756000000000000e-1	1,214400000000000e+0	4,014000000000000e-1	7,615000000000000e-1	4,630000000000000e-1	5,603000000000000e-1	4,366000000000000e-1	3,289000000000000e-1
7,480000000000000e+2	2,760000000000000e-1	1,214100000000000e+0	4,014000000000000e-1	7,599000000000000e-1	4,633000000000000e-1	5,608000000000000e-1	4,368000000000000e-1	3,291000000000000e-1
7,490000000000000e+2	2,757000000000000e-1	1,213300000000000e+0	4,010000000000000e-1	7,579000000000000e-1	4,630000000000000e-1	5,612000000000000e-1	4,366000000000000e-1	3,288000000000000e-1
7,500000000000000e+2	2,754000000000000e-1	1,212600000000000e+0	4,009000000000000e-1	7,557000000000000e-1	4,627000000000000e-1	5,608999999999999e-1	4,365000000000000e-1	3,287000000000000e-1
7,510000000000000e+2	2,753000000000000e-1	1,212000000000000e+0	4,008000000000000e-1	7,538000000000000e-1	4,627000000000000e-1	5,604000000000000e-1	4,365000000000000e-1	3,287000000000000e-1
7,520000000000000e+2	2,754000000000000e-1	1,211500000000000e+0	4,008000000000000e-1	7,520000000000000e-1	4,627000000000000e-1	5,601000000000001e-1	4,364000000000000e-1	3,287000000000000e-1
7,530000000000000e+2	2,753000000000000e-1	1,210800000000000e+0	4,006000000000000e-1	7,500000000000000e-1	4,626000000000000e-1	5,601000000000001e-1	4,364000000000000e-1	3,287000000000000e-1
7,540000000000000e+2	2,751000000000000e-1	1,210100000000000e+0	4,003000000000000e-1	7,479000000000000e-1	4,623000000000000e-1	5,600000000000001e-1	4,362000000000000e-1	3,285000000000000e-1
7,550000000000000e+2	2,750000000000000e-1	1,209700000000000e+0	4,000000000000000e-1	7,460000000000000e-1	4,623000000000000e-1	5,604000000000000e-1	4,362000000000000e-1	3,286000000000000e-1
7,560000000000000e+2	2,751000000000000e-1	1,209100000000000e+0	3,998000000000000e-1	7,441000000000000e-1	4,623000000000000e-1	5,600000000000001e-1	4,362000000000000e-1	3,285000000000000e-1
7,570000000000000e+2	2,754000000000000e-1	1,208500000000000e+0	3,997000000000000e-1	7,421000000000000e-1	4,623000000000000e-1	5,597000000000000e-1	4,361000000000000e-1	3,285000000000000e-1
7,580000000000000e+2	2,753000000000000e-1	1,207900000000000e+0	3,997000000000000e-1	7,402000000000000e-1	4,624000000000000e-1	5,598000000000000e-1	4,360000000000000e-1	3,286000000000000e-1
7,590000000000000e+2	2,755000000000000e-1	1,207400000000000e+0	3,996000000000000e-1	7,383000000000000e-1	4,622000000000000e-1	5,598999999999999e-1	4,362000000000000e-1	3,286000000000000e-1
7,600000000000000e+2	2,747000000000000e-1	1,207600000000000e+0	3,998000000000000e-1	7,375000000000000e-1	4,613000000000000e-1	5,578999999999999e-1	4,373000000000000e-1	3,281000000000000e-1
7,610000000000000e+2	2,736000000000000e-1	1,207400000000000e+0	3,999000000000000e-1	7,364000000000000e-1	4,601000000000000e-1	5,556000000000000e-1	4,388000000000000e-1	3,273000000000000e-1
7,620000000000000e+2	2,737000000000000e-1	1,206800000000000e+0	3,997000000000000e-1	7,347000000000000e-1	4,600000000000000e-1	5,565000000000000e-1	4,388000000000000e-1	3,275000000000000e-1
7,630000000000000e+2	2,736000000000000e-1	1,206300000000000e+0	3,996000000000000e-1	7,329000000000000e-1	4,600000000000000e-1	5,568000000000000e-1	4,386000000000000e-1	3,275000000000000e-1
7,640000000000000e+2	2,735000000000000e-1	1,205700000000000e+0	3,995000000000000e-1	7,311000000000000e-1	4,599000000000000e-1	5,563000000000000e-1	4,384000000000000e-1	3,274000000000000e-1
7,650000000000000e+2	2,735000000000000e-1	1,205400000000000e+0	3,992000000000000e-1	7,294000000000000e-1	4,597000000000000e-1	5,564000000000000e-1	4,386000000000000e-1	3,274000000000000e-1
7,660000000000000e+2	2,735000000000000e-1	1,204500000000000e+0	3,990000000000000e-1	7,279000000000000e-1	4,599000000000000e-1	5,566000000000000e-1	4,384000000000000e-1	3,274000000000000e-1
7,670000000000000e+2	2,735000000000000e-1	1,204200000000000e+0	3,989000000000000e-1	7,265000000000000e-1	4,597000000000000e-1	5,566000000000000e-1	4,386000000000000e-1	3,274000000000000e-1
7,680000000000000e+2	2,736000000000000e-1	1,203600000000000e+0	3,987000000000000e-1	7,249000000000000e-1	4,595000000000000e-1	5,563000000000000e-1	4,387000000000000e-1	3,274000000000000e-1
7,690000000000000e+2	2,738000000000000e-1	1,203300000000000e+0	3,986000000000000e-1	7,235000000000000e-1	4,598000000000000e-1	5,566000000000000e-1	4,388000000000000e-1	3,275000000000000e-1
7,700000000000000e+2	2,734000000000000e-1	1,202500000000000e+0	3,983000000000000e-1	7,220000000000000e-1	4,595000000000000e-1	5,564000000000000e-1	4,387000000000000e-1	3,272000000000000e-1
7,710000000000000e+2	2,735000000000000e-1	1,201800000000000e+0	3,980000000000000e-1	7,205000000000000e-1	4,594000000000000e-1	5,562000000000000e-1	4,385000000000000e-1	3,271000000000000e-1
7,720000000000000e+2	2,733000000000000e-1	1,201400000000000e+0	3,978000000000000e-1	7,191000000000000e-1	4,595000000000000e-1	5,563000000000000e-1	4,384000000000000e-1	3,271000000000000e-1
7,730000000000000e+2	2,731000000000000e-1	1,200800000000000e+0	3,976000000000000e-1	7,176000000000000e-1	4,592000000000000e-1	5,558000000000000e-1	4,384000000000000e-1	3,270000000000000e-1
7,740000000000000e+2	2,733000000000000e-1	1,200400000000000e+0	3,975000000000000e-1	7,167000000000000e-1	4,595000000000000e-1	5,563000000000000e-1	4,382000000000000e-1	3,272000000000000e-1
7,750000000000000e+2	2,734000000000000e-1	1,199800000000000e+0	3,973000000000000e-1	7,155000000000000e-1	4,592000000000000e-1	5,564000000000000e-1	4,381000000000000e-1	3,270000000000000e-1
7,760000000000000e+2	2,736000000000000e-1	1,199200000000000e+0	3,970000000000000e-1	7,141000099999999e-1	4,592000000000000e-1	5,556000000000000e-1	4,382000000000000e-1	3,269000000000000e-1
7,770000000000000e+2	2,733000000000000e-1	1,198500000000000e+0	3,967000000000000e-1	7,128000000000000e-1	4,590000000000000e-1	5,556000000000000e-1	4,380000000000000e-1	3,268000000000000e-1
7,780000000000000e+2	2,734000000000000e-1	1,198100000000000e+0	3,967000000000000e-1	7,119000000000000e-1	4,592000000000000e-1	5,558000000000000e-1	4,382000000000000e-1	3,269000000000000e-1
7,790000000000000e+2	2,736000000000000e-1	1,197700000000000e+0	3,965000000000000e-1	7,109000000000000e-1	4,592000000000000e-1	5,558999999999999e-1	4,382000000000000e-1	3,270000000000000e-1
7,800000000000000e+2	2,735000000000000e-1	1,197000000000000e+0	3,962000000000000e-1	7,097000000000000e-1	4,591000000000000e-1	5,557000000000000e-1	4,384000000000000e-1	3,268000000000000e-1
7,810000000000000e+2	2,736000000000000e-1	1,196400000000000e+0	3,961000000000000e-1	7,089000000000000e-1	4,590000000000000e-1	5,554000000000000e-1	4,382000000000000e-1	3,269000000000000e-1
7,820000000000000e+2	2,736000000000000e-1	1,196000000000000e+0	3,959000000000000e-1	7,077000000000000e-1	4,590000000000000e-1	5,554000000000000e-1	4,380000000000000e-1	3,268000000000000e-1
7,830000000000000e+2	2,735000000000000e-1	1,195400000000000e+0	3,958000000000000e-1	7,067000000000000e-1	4,588000000000000e-1	5,557000000000000e-1	4,379000000000000e-1	3,267000000000000e-1
7,840000000000000e+2	2,736000000000000e-1	1,194800000000000e+0	3,957000000000000e-1	7,060000000000000e-1	4,586000000000000e-1	5,555000000000000e-1	4,377000000000000e-1	3,267000000000000e-1
7,850000000000000e+2	2,738000000000000e-1	1,194600000000000e+0	3,956000000000000e-1	7,053000000000000e-1	4,586000000000000e-1	5,556000000000000e-1	4,377000000000000e-1	3,268000000000000e-1
7,860000000000000e+2	2,738000000000000e-1	1,194200000000000e+0	3,956000000000000e-1	7,045000000000000e-1	4,590000000000000e-1	5,557000000000000e-1	4,380000000000000e-1	3,270000000000000e-1
7,870000000000000e+2	2,735000000000000e-1	1,193500000000000e+0	3,952000000000000e-1	7,036000000000000e-1	4,588000000000000e-1	5,553000000000000e-1	4,380000000000000e-1	3,268000000000000e-1
7,880000000000000e+2	2,734000000000000e-1	1,193000000000000e+0	3,950000000000000e-1	7,025000000000000e-1	4,585000000000000e-1	5,550000000000001e-1	4,377000000000000e-1	3,266000000000000e-1
7,890000000000000e+2	2,734000000000000e-1	1,192700000000000e+0	3,949000000000000e-1	7,020000099999999e-1	4,586000000000000e-1	5,550000000000001e-1	4,377000000000000e-1	3,266000000000000e-1
7,900000000000000e+2	2,734000000000000e-1	1,192300000000000e+0	3,946000000000000e-1	7,013000000000000e-1	4,589000000000000e-1	5,548999999999999e-1	4,379000000000000e-1	3,267000000000000e-1
7,910000000000000e+2	2,735000000000000e-1	1,191600000000000e+0	3,942000000000000e-1	7,005000000000000e-1	4,586000000000000e-1	5,553000000000000e-1	4,377000000000000e-1	3,266000000000000e-1
7,920000000000000e+2	2,734000000000000e-1	1,191000000000000e+0	3,941000000000000e-1	6,997000000000000e-1	4,585000000000000e-1	5,554000000000000e-1	4,375000000000000e-1	3,265000000000000e-1
7,930000000000000e+2	2,736000000000000e-1	1,190800000000000e+0	3,941000000000000e-1	6,992000000000001e-1	4,585000000000000e-1	5,552000000000000e-1	4,375000000000000e-1	3,266000000000000e-1
7,940000000000000e+2	2,737000000000000e-1	1,190300000000000e+0	3,938000000000000e-1	6,985000000000000e-1	4,582000000000000e-1	5,548999999999999e-1	4,374000000000000e-1	3,264000000000000e-1
7,950000000000000e+2	2,734000000000000e-1	1,189500000000000e+0	3,936000000000000e-1	6,980000099999999e-1	4,582000000000000e-1	5,548999999999999e-1	4,375000000000000e-1	3,264000000000000e-1
7,960000000000000e+2	2,733000000000000e-1	1,189300000000000e+0	3,935000000000000e-1	6,975000000000000e-1	4,583000000000000e-1	5,546000000000000e-1	4,377000000000000e-1	3,264000000000000e-1
7,970000000000000e+2	2,735000000000000e-1	1,189200000000000e+0	3,935000000000000e-1	6,972000000000001e-1	4,586000000000000e-1	5,546000000000000e-1	4,375000000000000e-1	3,265000000000000e-1
7,980000000000000e+2	2,734000000000000e-1	1,188500000000000e+0	3,932000000000000e-1	6,965000000000000e-1	4,583000000000000e-1	5,546000000000000e-1	4,373000000000000e-1	3,263000000000000e-1
7,990000000000000e+2	2,738000000000000e-1	1,188000000000000e+0	3,932000000000000e-1	6,959000000000000e-1	4,583000000000000e-1	5,544000000000000e-1	4,375000000000000e-1	3,264000000000000e-1
8,000000000000000e+2	2,736000000000000e-1	1,187600000000000e+0	3,931000000000000e-1	6,954000000000000e-1	4,585000000000000e-1	5,544000000000000e-1	4,376000000000000e-1	3,265000000000000e-1
8,010000000000000e+2	2,734000000000000e-1	1,187200000000000e+0	3,929000000000000e-1	6,949000000000000e-1	4,583000000000000e-1	5,542000000000000e-1	4,377000000000000e-1	3,264000000000000e-1
8,020000000000000e+2	2,735000000000000e-1	1,186800000000000e+0	3,929000000000000e-1	6,947000000000000e-1	4,582000000000000e-1	5,545000000000000e-1	4,378000000000000e-1	3,266000000000000e-1
8,030000000000000e+2	2,736000000000000e-1	1,186000000000000e+0	3,925000000000000e-1	6,940000099999999e-1	4,579000000000000e-1	5,544000000000000e-1	4,374000000000000e-1	3,263000000000000e-1
8,040000000000000e+2	2,736000000000000e-1	1,185300000000000e+0	3,921000000000000e-1	6,933000000000000e-1	4,577000000000000e-1	5,542000000000000e-1	4,369000000000000e-1	3,261000000000000e-1
8,050000000000000e+2	2,736000000000000e-1	1,185200000000000e+0	3,920000000000000e-1	6,930000099999999e-1	4,579000000000000e-1	5,541000000000000e-1	4,369000000000000e-1	3,262000000000000e-1
8,060000000000000e+2	2,734000000000000e-1	1,184900000000000e+0	3,921000000000000e-1	6,927000000000000e-1	4,580000000000000e-1	5,544000000000000e-1	4,373000000000000e-1	3,263000000000000e-1
8,070000000000000e+2	2,735000000000000e-1	1,184400000000000e+0	3,918000000000000e-1	6,924000000000000e-1	4,578000000000000e-1	5,544000000000000e-1	4,371000000000000e-1	3,262000000000000e-1
8,080000000000000e+2	2,735000000000000e-1	1,183700000000000e+0	3,915000000000000e-1	6,917000000000000e-1	4,577000000000000e-1	5,538999999999999e-1	4,369000000000000e-1	3,262000000000000e-1
8,090000000000000e+2	2,733000000000000e-1	1,183200000000000e+0	3,912000000000000e-1	6,912000000000000e-1	4,575000000000000e-1	5,537999999999999e-1	4,370000000000000e-1	3,261000000000000e-1
8,100000000000000e+2	2,733000000000000e-1	1,182700000000000e+0	3,911000000000000e-1	6,910000099999999e-1	4,578000000000000e-1	5,537999999999999e-1	4,371000000000000e-1	3,262000000000000e-1
8,110000000000000e+2	2,734000000000000e-1	1,182500000000000e+0	3,910000000000000e-1	6,908000000000000e-1	4,575000000000000e-1	5,541000000000000e-1	4,372000000000000e-1	3,262000000000000e-1
8,120000000000000e+2	2,733000000000000e-1	1,182100000000000e+0	3,910000000000000e-1	6,902000000000000e-1	4,574000000000000e-1	5,541000000000000e-1	4,371000000000000e-1	3,261000000000000e-1
8,130000000000000e+2	2,734000000000000e-1	1,181500000000000e+0	3,908000000000000e-1	6,896000000000000e-1	4,575000000000000e-1	5,535000000000000e-1	4,370000000000000e-1	3,260000000000000e-1
8,140000000000000e+2	2,736000000000000e-1	1,181000000000000e+0	3,905000000000000e-1	6,893000000000000e-1	4,575000000000000e-1	5,537999999999999e-1	4,370000000000000e-1	3,260000000000000e-1
8,150000000000000e+2	2,737000000000000e-1	1,180500000000000e+0	3,905000000000000e-1	6,888000000000000e-1	4,572000000000000e-1	5,537000000000000e-1	4,368000000000000e-1	3,259000000000000e-1
8,160000000000000e+2	2,736000000000000e-1	1,180000000000000e+0	3,902000000000000e-1	6,884000000000000e-1	4,573000000000000e-1	5,541000000000000e-1	4,367000000000000e-1	3,259000000000000e-1
8,170000000000000e+2	2,734000000000000e-1	1,179600000000000e+0	3,900000000000000e-1	6,879000099999999e-1	4,571000000000000e-1	5,540000000000001e-1	4,366000000000000e-1	3,259000000000000e-1
8,180000000000000e+2	2,734000000000000e-1	1,179100000000000e+0	3,898000000000000e-1	6,876000000000000e-1	4,574000000000000e-1	5,537999999999999e-1	4,366000000000000e-1	3,260000000000000e-1
8,190000000000000e+2	2,733000000000000e-1	1,178500000000000e+0	3,895000000000000e-1	6,872000000000000e-1	4,571000000000000e-1	5,537000000000000e-1	4,366000000000000e-1	3,259000000000000e-1
8,200000000000000e+2	2,734000000000000e-1	1,178300000000000e+0	3,895000000000000e-1	6,868000000000000e-1	4,570000000000000e-1	5,536000000000000e-1	4,367000000000000e-1	3,259000000000000e-1
8,210000000000000e+2	2,730000000000000e-1	1,177900000000000e+0	3,893000000000000e-1	6,862000000000000e-1	4,569000000000000e-1	5,532000000000000e-1	4,366000000000000e-1	3,259000000000000e-1
8,220000000000000e+2	2,732000000000000e-1	1,177400000000000e+0	3,892000000000000e-1	6,859000099999999e-1	4,572000000000000e-1	5,535000000000000e-1	4,367000000000000e-1	3,259000000000000e-1
8,230000000000000e+2	2,734000000000000e-1	1,176700000000000e+0	3,889000000000000e-1	6,855000000000000e-1	4,570000000000000e-1	5,532000000000000e-1	4,367000000000000e-1	3,258000000000000e-1
8,240000000000000e+2	2,735000000000000e-1	1,176000000000000e+0	3,888000000000000e-1	6,850000000000001e-1	4,568000000000000e-1	5,535000000000000e-1	4,365000000000000e-1	3,258000000000000e-1
8,250000000000000e+2	2,737000000000000e-1	1,175700000000000e+0	3,887000000000000e-1	6,846000000000000e-1	4,570000000000000e-1	5,535000000000000e-1	4,363000000000000e-1	3,259000000000000e-1
8,260000000000000e+2	2,735000000000000e-1	1,175200000000000e+0	3,884000000000000e-1	6,839000099999999e-1	4,566000000000000e-1	5,533000000000000e-1	4,362000000000000e-1	3,257000000000000e-1
8,270000000000000e+2	2,735000000000000e-1	1,174600000000000e+0	3,881000000000000e-1	6,834000000000000e-1	4,565000000000000e-1	5,531000000000000e-1	4,362000000000000e-1	3,256000000000000e-1
8,280000000000000e+2	2,733000000000000e-1	1,173800000000000e+0	3,879000000000000e-1	6,828000000000000e-1	4,565000000000000e-1	5,526000000000000e-1	4,360000000000000e-1	3,255000000000000e-1
8,290000000000000e+2	2,734000000000000e-1	1,173400000000000e+0	3,878000000000000e-1	6,823000000000000e-1	4,563000000000000e-1	5,525000000000000e-1	4,360000000000000e-1	3,255000000000000e-1
8,300000000000000e+2	2,734000000000000e-1	1,173200000000000e+0	3,878000000000000e-1	6,819000099999999e-1	4,565000000000000e-1	5,524000000000000e-1	4,361000000000000e-1	3,256000000000000e-1
8,310000000000000e+2	2,733000000000000e-1	1,172800000000000e+0	3,878000000000000e-1	6,814000000000000e-1	4,564000000000000e-1	5,527999999999999e-1	4,359000000000000e-1	3,255000000000000e-1
8,320000000000000e+2	2,734000000000000e-1	1,172300000000000e+0	3,873000000000000e-1	6,810000000000001e-1	4,562000000000000e-1	5,527000000000000e-1	4,359000000000000e-1	3,255000000000000e-1
8,330000000000000e+2	2,733000000000000e-1	1,171600000000000e+0	3,871000000000000e-1	6,804000000000000e-1	4,563000000000000e-1	5,522000000000000e-1	4,357000000000000e-1	3,254000000000000e-1
8,340000000000000e+2	2,731000000000000e-1	1,171200000000000e+0	3,870000000000000e-1	6,800000000000001e-1	4,563000000000000e-1	5,522000000000000e-1	4,358000000000000e-1	3,255000000000000e-1
8,350000000000000e+2	2,733000000000000e-1	1,170500000000000e+0	3,868000000000000e-1	6,794000000000000e-1	4,563000000000000e-1	5,527000000000000e-1	4,358000000000000e-1	3,254000000000000e-1
8,360000000000000e+2	2,734000000000000e-1	1,170000000000000e+0	3,866000000000000e-1	6,788000099999999e-1	4,560000000000000e-1	5,524000000000000e-1	4,356000000000000e-1	3,253000000000000e-1
8,370000000000000e+2	2,733000000000000e-1	1,169600000000000e+0	3,864000000000000e-1	6,783000000000000e-1	4,557000000000000e-1	5,521000000000000e-1	4,355000000000000e-1	3,253000000000000e-1
8,380000000000000e+2	2,736000000000000e-1	1,169200000000000e+0	3,863000000000000e-1	6,778000099999999e-1	4,557000000000000e-1	5,520000000000001e-1	4,354000000000000e-1	3,253000000000000e-1
8,390000000000000e+2	2,735000000000000e-1	1,168900000000000e+0	3,862000000000000e-1	6,773000000000000e-1	4,557000000000000e-1	5,520000000000001e-1	4,354000000000000e-1	3,253000000000000e-1
8,400000000000000e+2	2,735000000000000e-1	1,168600000000000e+0	3,863000000000000e-1	6,768000099999999e-1	4,557000000000000e-1	5,520000000000001e-1	4,353000000000000e-1	3,253000000000000e-1
8,410000000000000e+2	2,737000000000000e-1	1,168000000000000e+0	3,861000000000000e-1	6,763000000000000e-1	4,556000000000000e-1	5,518999999999999e-1	4,352000000000000e-1	3,253000000000000e-1
8,420000000000000e+2	2,734000000000000e-1	1,167400000000000e+0	3,858000000000000e-1	6,758000099999999e-1	4,556000000000000e-1	5,517000000000000e-1	4,351000000000000e-1	3,252000000000000e-1
8,430000000000000e+2	2,732000000000000e-1	1,167000000000000e+0	3,855000000000000e-1	6,750000000000001e-1	4,555000000000000e-1	5,510000000000001e-1	4,350000000000000e-1	3,250000000000000e-1
8,440000000000000e+2	2,734000000000000e-1	1,166300000000000e+0	3,855000000000000e-1	6,745000000000000e-1	4,556000000000000e-1	5,517000000000000e-1	4,351000000000000e-1	3,252000000000000e-1
8,450000000000000e+2	2,736000000000000e-1	1,166000000000000e+0	3,854000000000000e-1	6,740000000000001e-1	4,554000000000000e-1	5,523000000000000e-1	4,351000000000000e-1	3,253000000000000e-1
8,460000000000000e+2	2,736000000000000e-1	1,165500000000000e+0	3,854000000000000e-1	6,734000000000000e-1	4,554000000000000e-1	5,518999999999999e-1	4,350000000000000e-1	3,253000000000000e-1
8,470000000000000e+2	2,736000000000000e-1	1,164900000000000e+0	3,851000000000000e-1	6,726000000000000e-1	4,552000000000000e-1	5,517000000000000e-1	4,347000000000000e-1	3,251000000000000e-1
8,480000000000000e+2	2,737000000000000e-1	1,164300000000000e+0	3,847000000000000e-1	6,720000000000001e-1	4,549000000000000e-1	5,514000000000000e-1	4,347000000000000e-1	3,250000000000000e-1
8,490000000000000e+2	2,736000000000000e-1	1,163900000000000e+0	3,846000000000000e-1	6,715000000000000e-1	4,550000000000000e-1	5,512000000000000e-1	4,350000000000000e-1	3,249000000000000e-1
8,500000000000000e+2	2,734000000000000e-1	1,163200000000000e+0	3,842000000000000e-1	6,707999999999999e-1	4,551000000000000e-1	5,507999999999999e-1	4,346000000000000e-1	3,248000000000000e-1
8,510000000000000e+2	2,733000000000000e-1	1,162700000000000e+0	3,841000000000000e-1	6,703000000000000e-1	4,548000000000000e-1	5,510000000000001e-1	4,345000000000000e-1	3,249000000000000e-1
8,520000000000000e+2	2,734000000000000e-1	1,162200000000000e+0	3,839000000000000e-1	6,696000000000000e-1	4,548000000000000e-1	5,511000000000000e-1	4,346000000000000e-1	3,249000000000000e-1
8,530000000000000e+2	2,735000000000000e-1	1,161800000000000e+0	3,838000000000000e-1	6,691000000000000e-1	4,545000000000000e-1	5,507999999999999e-1	4,343000000000000e-1	3,248000000000000e-1
8,540000000000000e+2	2,735000000000000e-1	1,161400000000000e+0	3,839000000000000e-1	6,687000000000000e-1	4,545000000000000e-1	5,507000000000000e-1	4,343000000000000e-1	3,249000000000000e-1
8,550000000000000e+2	2,736000000000000e-1	1,161100000000000e+0	3,839000000000000e-1	6,684000000000000e-1	4,547000000000000e-1	5,507999999999999e-1	4,343000000000000e-1	3,250000000000000e-1
8,560000000000000e+2	2,737000000000000e-1	1,160400000000000e+0	3,834000000000000e-1	6,677000000000000e-1	4,547000000000000e-1	5,507000000000000e-1	4,341000000000000e-1	3,249000000000000e-1
8,570000000000000e+2	2,735000000000000e-1	1,159800000000000e+0	3,833000000000000e-1	6,671000000000000e-1	4,547000000000000e-1	5,507999999999999e-1	4,340000000000000e-1	3,248000000000000e-1
8,580000000000000e+2	2,731000000000000e-1	1,159100000000000e+0	3,830000000000000e-1	6,663000000000000e-1	4,543000000000000e-1	5,506000000000000e-1	4,340000000000000e-1	3,246000000000000e-1
8,590000000000000e+2	2,734000000000000e-1	1,158800000000000e+0	3,828000000000000e-1	6,659000000000001e-1	4,544000000000000e-1	5,499000000000001e-1	4,339000000000000e-1	3,247000000000000e-1
8,600000000000000e+2	2,736000000000000e-1	1,158400000000000e+0	3,827000000000000e-1	6,655000000000000e-1	4,542000000000000e-1	5,501000000000000e-1	4,337000000000000e-1	3,248000000000000e-1
8,610000000000000e+2	2,735000000000000e-1	1,157800000000000e+0	3,825000000000000e-1	6,650000000000000e-1	4,540000000000000e-1	5,501000000000000e-1	4,336000000000000e-1	3,247000000000000e-1
8,620000000000000e+2	2,735000000000000e-1	1,157300000000000e+0	3,824000000000000e-1	6,645000000000000e-1	4,537000000000000e-1	5,500000000000001e-1	4,335000000000000e-1	3,246000000000000e-1
8,630000000000000e+2	2,735000000000000e-1	1,156800000000000e+0	3,821000000000000e-1	6,637999999999999e-1	4,538000000000000e-1	5,499000000000001e-1	4,335000000000000e-1	3,246000000000000e-1
8,640000000000000e+2	2,734000000000000e-1	1,156100000000000e+0	3,821000000000000e-1	6,633000000000000e-1	4,535000000000000e-1	5,497999999999999e-1	4,335000000000000e-1	3,245000000000000e-1
8,650000000000000e+2	2,735000000000000e-1	1,155500000000000e+0	3,819000000000000e-1	6,629000000000001e-1	4,533000000000000e-1	5,499000000000001e-1	4,334000000000000e-1	3,244000000000000e-1
8,660000000000000e+2	2,734000000000000e-1	1,154800000000000e+0	3,816000000000000e-1	6,623000000000000e-1	4,532000000000000e-1	5,491000000000000e-1	4,331000000000000e-1	3,242000000000000e-1
8,670000000000000e+2	2,736000000000000e-1	1,154700000000000e+0	3,815000000000000e-1	6,621000000000000e-1	4,530000000000000e-1	5,496000000000000e-1	4,329000000000000e-1	3,244000000000000e-1
8,680000000000000e+2	2,736000000000000e-1	1,154400000000000e+0	3,814000000000000e-1	6,616999999999999e-1	4,530000000000000e-1	5,497999999999999e-1	4,329000000000000e-1	3,244000000000000e-1
8,690000000000000e+2	2,736000000000000e-1	1,153700000000000e+0	3,812000000000000e-1	6,612000000000000e-1	4,530000000000000e-1	5,496000000000000e-1	4,328000000000000e-1	3,243000000000000e-1
8,700000000000000e+2	2,733000000000000e-1	1,153200000000000e+0	3,810000000000000e-1	6,606000000000000e-1	4,527000000000000e-1	5,493000000000000e-1	4,327000000000000e-1	3,242000000000000e-1
8,710000000000000e+2	2,731000000000000e-1	1,152600000000000e+0	3,807000000000000e-1	6,602000000000000e-1	4,527000000000000e-1	5,492000000000000e-1	4,327000000000000e-1	3,241000000000000e-1
8,720000000000000e+2	2,732000000000000e-1	1,152300000000000e+0	3,805000000000000e-1	6,600000000000000e-1	4,528000000000000e-1	5,489000000000001e-1	4,326000000000000e-1	3,242000000000000e-1
8,730000000000000e+2	2,734000000000000e-1	1,151900000000000e+0	3,805000000000000e-1	6,598000000000001e-1	4,531000000000000e-1	5,484000000000000e-1	4,325000000000000e-1	3,244000000000000e-1
8,740000000000000e+2	2,732000000000000e-1	1,151100000000000e+0	3,801000000000000e-1	6,591000000000000e-1	4,528000000000000e-1	5,483000000000000e-1	4,323000000000000e-1	3,242000000000000e-1
8,750000000000000e+2	2,732000000000000e-1	1,150700000000000e+0	3,800000000000000e-1	6,589000000000001e-1	4,527000000000000e-1	5,482000000000000e-1	4,322000000000000e-1	3,242000000000000e-1
8,760000000000000e+2	2,734000000000000e-1	1,150500000000000e+0	3,800000000000000e-1	6,586000000000000e-1	4,525000000000000e-1	5,485000000000000e-1	4,323000000000000e-1	3,243000000000000e-1
8,770000000000000e+2	2,734000000000000e-1	1,150100000000000e+0	3,801000000000000e-1	6,583000000000000e-1	4,523000000000000e-1	5,483000000000000e-1	4,322000000000000e-1	3,243000000000000e-1
8,780000000000000e+2	2,737000000000000e-1	1,149700000000000e+0	3,799000000000000e-1	6,582000000000000e-1	4,522000000000000e-1	5,483000000000000e-1	4,320000000000000e-1	3,243000000000000e-1
8,790000000000000e+2	2,737000000000000e-1	1,148900000000000e+0	3,795000000000000e-1	6,576999999999999e-1	4,523000000000000e-1	5,484000000000000e-1	4,319000000000000e-1	3,242000000000000e-1
8,800000000000000e+2	2,737000000000000e-1	1,148500000000000e+0	3,794000000000000e-1	6,574000000000000e-1	4,521000000000000e-1	5,482000000000000e-1	4,319000000000000e-1	3,242000000000000e-1
8,810000000000000e+2	2,735000000000000e-1	1,148000000000000e+0	3,791000000000000e-1	6,570000000000000e-1	4,517000000000000e-1	5,481000000000000e-1	4,316000000000000e-1	3,241000000000000e-1
8,820000000000000e+2	2,734000000000000e-1	1,147400000000000e+0	3,790000000000000e-1	6,568000000000001e-1	4,519000000000000e-1	5,485000000000000e-1	4,312000000000000e-1	3,241000000000000e-1
8,830000000000000e+2	2,734000000000000e-1	1,146900000000000e+0	3,790000000000000e-1	6,566000000000000e-1	4,515000000000000e-1	5,477999999999999e-1	4,314000000000000e-1	3,241000000000000e-1
8,840000000000000e+2	2,734000000000000e-1	1,146500000000000e+0	3,790000000000000e-1	6,566000000000000e-1	4,513000000000000e-1	5,475000000000000e-1	4,317000000000000e-1	3,241000000000000e-1
8,850000000000000e+2	2,734000000000000e-1	1,146300000000000e+0	3,787000000000000e-1	6,563000000000000e-1	4,515000000000000e-1	5,466000000000000e-1	4,314000000000000e-1	3,241000000000000e-1
8,860000000000000e+2	2,732000000000000e-1	1,145700000000000e+0	3,783000000000000e-1	6,558000000000001e-1	4,513000000000000e-1	5,467999999999999e-1	4,313000000000000e-1	3,239000000000000e-1
8,870000000000000e+2	2,735000000000000e-1	1,145500000000000e+0	3,784000000000000e-1	6,558000000000001e-1	4,514000000000000e-1	5,471000000000000e-1	4,314000000000000e-1	3,241000000000000e-1
8,880000000000000e+2	2,734000000000000e-1	1,144900000000000e+0	3,782000000000000e-1	6,555000000000000e-1	4,513000000000000e-1	5,474000000000000e-1	4,314000000000000e-1	3,241000000000000e-1
8,890000000000000e+2	2,734000000000000e-1	1,144300000000000e+0	3,781000000000000e-1	6,552000000000000e-1	4,511000000000000e-1	5,472000000000000e-1	4,311000000000000e-1	3,240000000000000e-1
8,900000000000000e+2	2,733000000000000e-1	1,144000000000000e+0	3,781000000000000e-1	6,551000000000000e-1	4,509000000000000e-1	5,470000000000001e-1	4,312000000000000e-1	3,242000000000000e-1
8,910000000000000e+2	2,729000000000000e-1	1,143400000000000e+0	3,777000000000000e-1	6,546999999999999e-1	4,506000000000000e-1	5,465000000000000e-1	4,309000000000000e-1	3,239000000000000e-1
8,920000000000000e+2	2,733000000000000e-1	1,143000000000000e+0	3,777000000000000e-1	6,545999999999999e-1	4,506000000000000e-1	5,464000000000000e-1	4,309000000000000e-1	3,240000000000000e-1
8,930000000000000e+2	2,733000000000000e-1	1,142500000000000e+0	3,777000000000000e-1	6,545000000000000e-1	4,504000000000000e-1	5,462000000000000e-1	4,307000000000000e-1	3,240000000000000e-1
8,940000000000000e+2	2,732000000000000e-1	1,142000000000000e+0	3,772000000000000e-1	6,543000000000000e-1	4,503000000000000e-1	5,461000000000000e-1	4,308000000000000e-1	3,239000000000000e-1
8,950000000000000e+2	2,733000000000000e-1	1,141600000000000e+0	3,772000000000000e-1	6,542000000000000e-1	4,503000000000000e-1	5,459000000000001e-1	4,307000000000000e-1	3,240000000000000e-1
8,960000000000000e+2	2,733000000000000e-1	1,141000000000000e+0	3,769000000000000e-1	6,539000000000000e-1	4,502000000000000e-1	5,455000000000000e-1	4,303000000000000e-1	3,239000000000000e-1
8,970000000000000e+2	2,732000000000000e-1	1,140400000000000e+0	3,767000000000000e-1	6,535000000000000e-1	4,502000000000000e-1	5,456000000000000e-1	4,302000000000000e-1	3,238000000000000e-1
8,980000000000000e+2	2,732000000000000e-1	1,140000000000000e+0	3,767000000000000e-1	6,534000000000000e-1	4,503000000000000e-1	5,457000000000000e-1	4,303000000000000e-1	3,238000000000000e-1
8,990000000000000e+2	2,733000000000000e-1	1,139500000000000e+0	3,764000000000000e-1	6,532000000000000e-1	4,498000000000000e-1	5,454000000000000e-1	4,302000000000000e-1	3,237000000000000e-1
9,000000000000000e+2	2,736000000000000e-1	1,139300000000000e+0	3,763000000000000e-1	6,531000000000000e-1	4,496000000000000e-1	5,453000000000000e-1	4,301000000000000e-1	3,238000000000000e-1
