Wavelength nm.	Porta 2 vacio BL porta 1.spc	IK.spc	IK_2.spc	LiF.spc	LiF_2.spc	NaCl_2.spc	NaCl_3.spc	NaF.spc	ClK.spc
2,000000000000000e+2	2,413000000000000e-1	1,677500000000000e+0	1,724800000000000e+0	1,135100000000000e+0	9,160000000000000e-1	1,467300000000000e+0	2,024000000000000e+0	1,138300000000000e+0	3,369300000000000e+0
2,010000000000000e+2	2,421000000000000e-1	1,633400000000000e+0	1,720900000000000e+0	1,133800000000000e+0	9,091000000000000e-1	1,451900000000000e+0	1,933600000000000e+0	1,127600000000000e+0	3,049300000000000e+0
2,020000000000000e+2	2,428000000000000e-1	1,630900000000000e+0	1,743100000000000e+0	1,126200000000000e+0	9,052000000000000e-1	1,448900000000000e+0	1,968900000000000e+0	1,125400000000000e+0	2,782500000000000e+0
2,030000000000000e+2	2,425000000000000e-1	1,638800000000000e+0	1,751500000000000e+0	1,122000000000000e+0	8,985000000000000e-1	1,433600000000000e+0	1,942900000000000e+0	1,115000000000000e+0	3,540300100000000e+0
2,040000000000000e+2	2,426000000000000e-1	1,634500000000000e+0	1,748700000000000e+0	1,118200000000000e+0	8,911000000000000e-1	1,437300000000000e+0	1,948800000000000e+0	1,101300000000000e+0	3,810600000000000e+0
2,050000000000000e+2	2,405000000000000e-1	1,638500000000000e+0	1,735900000000000e+0	1,112800000000000e+0	8,862000000000000e-1	1,437300000000000e+0	1,927400000000000e+0	1,095600000000000e+0	3,448100000000000e+0
2,060000000000000e+2	2,410000000000000e-1	1,640300000000000e+0	1,756100000000000e+0	1,110100000000000e+0	8,823000000000000e-1	1,432800000000000e+0	1,904400000000000e+0	1,083000000000000e+0	3,539800000000000e+0
2,070000000000000e+2	2,418000000000000e-1	1,640700000000000e+0	1,765300000000000e+0	1,106900000000000e+0	8,801000000000000e-1	1,429900000000000e+0	1,910600000000000e+0	1,071800000000000e+0	3,583200000000000e+0
2,080000000000000e+2	2,421000000000000e-1	1,658100000000000e+0	1,765900000000000e+0	1,108400000000000e+0	8,793000000000000e-1	1,430700000000000e+0	1,913200000000000e+0	1,066800000000000e+0	3,375200000000000e+0
2,090000000000000e+2	2,415000000000000e-1	1,665000000000000e+0	1,774200000000000e+0	1,110100000000000e+0	8,772000000000000e-1	1,429300000000000e+0	1,926000000000000e+0	1,059400000000000e+0	3,611600000000000e+0
2,100000000000000e+2	2,415000000000000e-1	1,677900000000000e+0	1,796500000000000e+0	1,112400000000000e+0	8,770000000000000e-1	1,429000000000000e+0	1,923900000000000e+0	1,054500000000000e+0	3,906800000000000e+0
2,110000000000000e+2	2,409000000000000e-1	1,698200000000000e+0	1,807800000000000e+0	1,114800000000000e+0	8,761000000000000e-1	1,436400000000000e+0	1,924000000000000e+0	1,046900000000000e+0	3,558600000000000e+0
2,120000000000000e+2	2,401000000000000e-1	1,725500000000000e+0	1,841600000000000e+0	1,119300000000000e+0	8,738000000000000e-1	1,440400000000000e+0	1,931400000000000e+0	1,037800000000000e+0	3,583600000000000e+0
2,130000000000000e+2	2,413000000000000e-1	1,753900000000000e+0	1,870700000000000e+0	1,131500000000000e+0	8,739000000000000e-1	1,435600000000000e+0	1,949500000000000e+0	1,033200000000000e+0	3,499600000000000e+0
2,140000000000000e+2	2,411000000000000e-1	1,791200000000000e+0	1,886600000000000e+0	1,144900000000000e+0	8,734000000000000e-1	1,443400000000000e+0	1,924100000000000e+0	1,029600000000000e+0	3,606400000000000e+0
2,150000000000000e+2	2,414000000000000e-1	1,850200000000000e+0	1,935500000000000e+0	1,161700000000000e+0	8,737000000000000e-1	1,440100000000000e+0	1,914700000000000e+0	1,022400000000000e+0	3,357100000000000e+0
2,160000000000000e+2	2,408000000000000e-1	1,879900000000000e+0	1,975700000000000e+0	1,182300000000000e+0	8,736000000000000e-1	1,439600000000000e+0	1,927300000000000e+0	1,018300000000000e+0	3,426200000000000e+0
2,170000000000000e+2	2,401000000000000e-1	1,951500000000000e+0	2,045900000000000e+0	1,208700000000000e+0	8,723000000000000e-1	1,438000000000000e+0	1,915800000000000e+0	1,012600000000000e+0	3,526200100000000e+0
2,180000000000000e+2	2,405000000000000e-1	2,000400000000000e+0	2,127400000000000e+0	1,244900000000000e+0	8,706000000000000e-1	1,440500000000000e+0	1,920900000000000e+0	1,007700000000000e+0	3,678700000000000e+0
2,190000000000000e+2	2,412000000000000e-1	2,123500000000000e+0	2,176900000000000e+0	1,281100000000000e+0	8,689000000000000e-1	1,438400000000000e+0	1,922200000000000e+0	1,002500000000000e+0	3,943900000000000e+0
2,200000000000000e+2	2,412000000000000e-1	2,202000000000000e+0	2,259700000000000e+0	1,330100000000000e+0	8,685000000000000e-1	1,435300000000000e+0	1,912100000000000e+0	9,993000000000000e-1	3,931700000000000e+0
2,210000000000000e+2	2,405000000000000e-1	2,297200000000000e+0	2,363500000000000e+0	1,383900000000000e+0	8,670000000000000e-1	1,437300000000000e+0	1,915500000000000e+0	9,945000000000000e-1	3,381900000000000e+0
2,220000000000000e+2	2,404000000000000e-1	2,413700000000000e+0	2,432300000000000e+0	1,444800000000000e+0	8,642000000000000e-1	1,428000000000000e+0	1,917100000000000e+0	9,902000000000000e-1	3,429400100000000e+0
2,230000000000000e+2	2,400000000000000e-1	2,500100000000000e+0	2,562600000000000e+0	1,513300000000000e+0	8,610000000000000e-1	1,426000000000000e+0	1,901900000000000e+0	9,873000000000000e-1	3,392100000000000e+0
2,240000000000000e+2	2,397000000000000e-1	2,641800000000000e+0	2,715600000000000e+0	1,586000000000000e+0	8,589000000000000e-1	1,421800000000000e+0	1,887800000000000e+0	9,836000000000000e-1	3,206800000000000e+0
2,250000000000000e+2	2,394000000000000e-1	2,821000000000000e+0	2,891300000000000e+0	1,658700000000000e+0	8,562000000000000e-1	1,415100000000000e+0	1,886200000000000e+0	9,789000000000000e-1	3,479900000000000e+0
2,260000000000000e+2	2,392000000000000e-1	3,017500000000000e+0	2,893900000000000e+0	1,731600000000000e+0	8,524000000000000e-1	1,410900000000000e+0	1,880500000000000e+0	9,760000000000000e-1	3,372900000000000e+0
2,270000000000000e+2	2,388000000000000e-1	3,053000000000000e+0	3,006200000000000e+0	1,812500000000000e+0	8,486000000000000e-1	1,402100000000000e+0	1,868200000000000e+0	9,732000000000000e-1	3,209200000000000e+0
2,280000000000000e+2	2,383000000000000e-1	3,271700000000000e+0	3,250500000000000e+0	1,914900000000000e+0	8,443000000000000e-1	1,391200000000000e+0	1,858500000000000e+0	9,692000000000000e-1	3,108300000000000e+0
2,290000000000000e+2	2,396000000000000e-1	3,354800000000000e+0	3,092900000000000e+0	2,011700000000000e+0	8,422000000000000e-1	1,386000000000000e+0	1,859800000000000e+0	9,699000000000000e-1	3,037600000000000e+0
2,300000000000000e+2	2,385000000000000e-1	3,552900000000000e+0	3,214300000000000e+0	2,099900000000000e+0	8,384000000000000e-1	1,375800000000000e+0	1,847900000000000e+0	9,654000000000000e-1	2,954400000000000e+0
2,310000000000000e+2	2,379000000000000e-1	3,530400000000000e+0	3,403200000000000e+0	2,185200000000000e+0	8,342000000000000e-1	1,367200000000000e+0	1,837500000000000e+0	9,626000000000000e-1	2,771100000000000e+0
2,320000000000000e+2	2,386000000000000e-1	3,321000000000000e+0	3,314400000000000e+0	2,277400000000000e+0	8,302000000000000e-1	1,358900000000000e+0	1,823300000000000e+0	9,610000000000000e-1	2,677700000000000e+0
2,330000000000000e+2	2,378000000000000e-1	3,297200000000000e+0	3,391700000000000e+0	2,370200000000000e+0	8,256000000000000e-1	1,352100000000000e+0	1,811900000000000e+0	9,581000000000000e-1	2,596600000000000e+0
2,340000000000000e+2	2,380000000000000e-1	3,431200000000000e+0	3,499600000000000e+0	2,467200000000000e+0	8,222000000000000e-1	1,339400000000000e+0	1,806600000000000e+0	9,586000000000000e-1	2,527400000000000e+0
2,350000000000000e+2	2,379000000000000e-1	3,508600000000000e+0	3,411400000000000e+0	2,534300000000000e+0	8,186000000000000e-1	1,330300000000000e+0	1,803300000000000e+0	9,561000000000000e-1	2,426700000000000e+0
2,360000000000000e+2	2,384000000000000e-1	3,602700000000000e+0	3,449900000000000e+0	2,575800000000000e+0	8,149000000000000e-1	1,320500000000000e+0	1,786700000000000e+0	9,537000000000000e-1	2,339600000000000e+0
2,370000000000000e+2	2,384000000000000e-1	3,694700000000000e+0	3,305600000000000e+0	2,707200000000000e+0	8,097000000000000e-1	1,311300000000000e+0	1,785600000000000e+0	9,536000000000000e-1	2,260800000000000e+0
2,380000000000000e+2	2,374000000000000e-1	3,791100000000000e+0	3,648700000000000e+0	2,767400000000000e+0	8,059000000000000e-1	1,300600000000000e+0	1,773600000000000e+0	9,509000000000000e-1	2,205700000000000e+0
2,390000000000000e+2	2,370000000000000e-1	3,485100000000000e+0	3,542900000000000e+0	2,809600000000000e+0	8,020000000000000e-1	1,288300000000000e+0	1,759100000000000e+0	9,487000000000000e-1	2,148900000000000e+0
2,400000000000000e+2	2,370000000000000e-1	3,690700000000000e+0	3,472900000000000e+0	2,915600000000000e+0	7,985000000000000e-1	1,281700000000000e+0	1,755200000000000e+0	9,476000000000000e-1	2,119100000000000e+0
2,410000000000000e+2	2,376000000000000e-1	3,758000000000000e+0	3,468200000000000e+0	2,895900000000000e+0	7,953000000000000e-1	1,274200000000000e+0	1,746900100000000e+0	9,458000000000000e-1	2,069600000000000e+0
2,420000000000000e+2	2,382000000000000e-1	3,707600000000000e+0	3,393100000000000e+0	2,872300000000000e+0	7,923000000000000e-1	1,262800000000000e+0	1,739300000000000e+0	9,445000000000000e-1	2,053500000000000e+0
2,430000000000000e+2	2,371000000000000e-1	3,755000000000000e+0	3,478500000000000e+0	3,061000000000000e+0	7,888000000000000e-1	1,255600000000000e+0	1,727500000000000e+0	9,436000000000000e-1	2,022800000000000e+0
2,440000000000000e+2	2,375000000000000e-1	3,638500000000000e+0	3,619100000000000e+0	2,982100000000000e+0	7,862000000000000e-1	1,248000000000000e+0	1,726300000000000e+0	9,419000000000000e-1	2,002200000000000e+0
2,450000000000000e+2	2,378000000000000e-1	3,684700000000000e+0	3,570000000000000e+0	3,031400000000000e+0	7,832000000000000e-1	1,239200000000000e+0	1,722900000000000e+0	9,418000000000000e-1	1,988200000000000e+0
2,460000000000000e+2	2,377000000000000e-1	3,763900000000000e+0	3,282400000000000e+0	2,997900000000000e+0	7,812000000000000e-1	1,232500000000000e+0	1,720500000000000e+0	9,415000000000000e-1	1,965300000000000e+0
2,470000000000000e+2	2,377000000000000e-1	3,772800000000000e+0	3,401400000000000e+0	2,989300000000000e+0	7,791000000000000e-1	1,226200000000000e+0	1,706300000000000e+0	9,404000000000000e-1	1,963300000000000e+0
2,480000000000000e+2	2,370000000000000e-1	3,518300000000000e+0	3,493900000000000e+0	3,145200000000000e+0	7,768000000000000e-1	1,221200000000000e+0	1,696000000000000e+0	9,415000000000000e-1	1,940100000000000e+0
2,490000000000000e+2	2,373000000000000e-1	3,753900000000000e+0	3,692800000000000e+0	3,032500000000000e+0	7,752000000000000e-1	1,215700000000000e+0	1,693000000000000e+0	9,398000000000000e-1	1,930900000000000e+0
2,500000000000000e+2	2,374000000000000e-1	3,619000000000000e+0	3,522300000000000e+0	3,020900000000000e+0	7,726000000000000e-1	1,210300000000000e+0	1,684600000000000e+0	9,381000000000000e-1	1,913700000000000e+0
2,510000000000000e+2	2,373000000000000e-1	3,667100000000000e+0	3,723300000000000e+0	3,007700000000000e+0	7,721000000000000e-1	1,204300000000000e+0	1,690600000000000e+0	9,387000000000000e-1	1,911600000000000e+0
2,520000000000000e+2	2,365000000000000e-1	3,718400000000000e+0	3,609100000000000e+0	2,981200000000000e+0	7,705000000000000e-1	1,198500000000000e+0	1,678500000000000e+0	9,376000000000000e-1	1,907100000000000e+0
2,530000000000000e+2	2,370000000000000e-1	3,633700000000000e+0	3,489500000000000e+0	3,138100000000000e+0	7,690000000000000e-1	1,198700000000000e+0	1,674500000000000e+0	9,387000000000000e-1	1,905600000000000e+0
2,540000000000000e+2	2,368000000000000e-1	3,709600000000000e+0	3,559100000000000e+0	2,969900000000000e+0	7,678000000000000e-1	1,192600000000000e+0	1,670700000000000e+0	9,383000000000000e-1	1,907300000000000e+0
2,550000000000000e+2	2,368000000000000e-1	3,738400000000000e+0	3,371500000000000e+0	3,084800000000000e+0	7,669000000000000e-1	1,187700000000000e+0	1,676000000000000e+0	9,400000000000000e-1	1,894200000000000e+0
2,560000000000000e+2	2,365000000000000e-1	3,728300000000000e+0	3,612200000000000e+0	2,928400000000000e+0	7,653000000000000e-1	1,184200000000000e+0	1,658600000000000e+0	9,384000000000000e-1	1,888200000000000e+0
2,570000000000000e+2	2,359000000000000e-1	3,564100000000000e+0	3,331800000000000e+0	2,800300000000000e+0	7,645000000000000e-1	1,181500000000000e+0	1,665200000000000e+0	9,388000000000000e-1	1,893600000000000e+0
2,580000000000000e+2	2,364000000000000e-1	3,556800000000000e+0	3,442000000000000e+0	2,818800000000000e+0	7,633000000000000e-1	1,179100000000000e+0	1,660900000000000e+0	9,385000000000000e-1	1,871700000000000e+0
2,590000000000000e+2	2,362000000000000e-1	3,684200000000000e+0	3,686500000000000e+0	2,817500000000000e+0	7,613000000000000e-1	1,175700000000000e+0	1,658800000000000e+0	9,383000000000000e-1	1,858800000000000e+0
2,600000000000000e+2	2,370000000000000e-1	3,975500000000000e+0	3,682000000000000e+0	2,677100000000000e+0	7,612000000000000e-1	1,175000000000000e+0	1,648100000000000e+0	9,393000000000000e-1	1,867700000000000e+0
2,610000000000000e+2	2,370000000000000e-1	3,635000000000000e+0	3,799300000000000e+0	2,614600000000000e+0	7,610000000000000e-1	1,170600000000000e+0	1,649100000000000e+0	9,391000000000000e-1	1,858100000000000e+0
2,620000000000000e+2	2,369000000000000e-1	3,720400000000000e+0	3,674600000000000e+0	2,552400000000000e+0	7,600000000000000e-1	1,169400000000000e+0	1,642000000000000e+0	9,402000000000000e-1	1,851300000000000e+0
2,630000000000000e+2	2,370000000000000e-1	3,691000000000000e+0	3,671900000000000e+0	2,420000000000000e+0	7,593000000000000e-1	1,168500000000000e+0	1,641700000000000e+0	9,397000000000000e-1	1,849000000000000e+0
2,640000000000000e+2	2,370000000000000e-1	3,772900000000000e+0	3,372600000000000e+0	2,341100000000000e+0	7,580000000000000e-1	1,165900000000000e+0	1,643400000000000e+0	9,404000000000000e-1	1,845700000000000e+0
2,650000000000000e+2	2,358000000000000e-1	3,751000000000000e+0	3,217400000000000e+0	2,249900000000000e+0	7,575000000000000e-1	1,161900000000000e+0	1,638200000000000e+0	9,394000000000000e-1	1,833700000000000e+0
2,660000000000000e+2	2,366000000000000e-1	3,603800000000000e+0	3,300900000000000e+0	2,176400000000000e+0	7,566000000000000e-1	1,162300000000000e+0	1,642400000000000e+0	9,393000000000000e-1	1,833200000000000e+0
2,670000000000000e+2	2,377000000000000e-1	3,337100000000000e+0	3,533800000000000e+0	2,066600000000000e+0	7,564000000000000e-1	1,162800000000000e+0	1,635800000000000e+0	9,410000000000000e-1	1,827000000000000e+0
2,680000000000000e+2	2,367000000000000e-1	2,992600000000000e+0	3,193800000000000e+0	1,996000000000000e+0	7,550000000000000e-1	1,161800000000000e+0	1,635000000000000e+0	9,405000000000000e-1	1,826600000000000e+0
2,690000000000000e+2	2,365000000000000e-1	3,022300000000000e+0	3,025600000000000e+0	1,901400000000000e+0	7,531000000000000e-1	1,159300000000000e+0	1,635400000000000e+0	9,419000000000000e-1	1,831400000000000e+0
2,700000000000000e+2	2,367000000000000e-1	2,735500000000000e+0	2,861700000000000e+0	1,812000000000000e+0	7,531000000000000e-1	1,158200000000000e+0	1,641900000000000e+0	9,426000000000000e-1	1,807300000000000e+0
2,710000000000000e+2	2,362000000000000e-1	2,645100000000000e+0	2,705100000000000e+0	1,744900100000000e+0	7,523000000000000e-1	1,154800000000000e+0	1,634000000000000e+0	9,414000000000000e-1	1,799600000000000e+0
2,720000000000000e+2	2,362000000000000e-1	2,512800000000000e+0	2,627300000000000e+0	1,670200000000000e+0	7,522000000000000e-1	1,156100000000000e+0	1,629200000000000e+0	9,423000000000000e-1	1,816800000000000e+0
2,730000000000000e+2	2,370000000000000e-1	2,416800000000000e+0	2,536100000000000e+0	1,592100000000000e+0	7,514000000000000e-1	1,154800000000000e+0	1,630100000000000e+0	9,431000000000000e-1	1,804500000000000e+0
2,740000000000000e+2	2,365000000000000e-1	2,326400000000000e+0	2,418700000000000e+0	1,527700000000000e+0	7,515000000000000e-1	1,152900000000000e+0	1,618400000000000e+0	9,441000000000000e-1	1,795900000000000e+0
2,750000000000000e+2	2,365000000000000e-1	2,208800000000000e+0	2,295200000000000e+0	1,467800000000000e+0	7,500000000000000e-1	1,153700000000000e+0	1,622300000000000e+0	9,445000000000000e-1	1,801000000000000e+0
2,760000000000000e+2	2,353000000000000e-1	2,079700000000000e+0	2,179800000000000e+0	1,413700000000000e+0	7,501000000000000e-1	1,150100000000000e+0	1,627100000000000e+0	9,444000000000000e-1	1,781700000000000e+0
2,770000000000000e+2	2,355000000000000e-1	1,977500000000000e+0	2,097000000000000e+0	1,356700000000000e+0	7,493000000000000e-1	1,148100000000000e+0	1,617500000000000e+0	9,439000000000000e-1	1,786200000000000e+0
2,780000000000000e+2	2,361000000000000e-1	1,890600000000000e+0	2,005600000000000e+0	1,315000000000000e+0	7,479000000000000e-1	1,145400000000000e+0	1,614000000000000e+0	9,469000000000000e-1	1,777700000000000e+0
2,790000000000000e+2	2,357000000000000e-1	1,803800000000000e+0	1,900200000000000e+0	1,270800000000000e+0	7,477000000000000e-1	1,149000000000000e+0	1,613800000000000e+0	9,465000000000000e-1	1,771900000000000e+0
2,800000000000000e+2	2,357000000000000e-1	1,739500000000000e+0	1,824300000000000e+0	1,228100000000000e+0	7,487000000000000e-1	1,146300000000000e+0	1,620300000000000e+0	9,471000000000000e-1	1,773200000000000e+0
2,810000000000000e+2	2,349000000000000e-1	1,670300000000000e+0	1,778500000000000e+0	1,192600000000000e+0	7,471000000000000e-1	1,144700000000000e+0	1,610900000000000e+0	9,480000000000000e-1	1,769600000000000e+0
2,820000000000000e+2	2,359000000000000e-1	1,614100000000000e+0	1,717300000000000e+0	1,163200000000000e+0	7,465000000000000e-1	1,146100000000000e+0	1,609200000000000e+0	9,496000000000000e-1	1,772500000000000e+0
2,830000000000000e+2	2,352000000000000e-1	1,567000000000000e+0	1,666000000000000e+0	1,135500000000000e+0	7,466000000000000e-1	1,143900000000000e+0	1,613700000000000e+0	9,489000000000000e-1	1,760600000000000e+0
2,840000000000000e+2	2,358000000000000e-1	1,524200000000000e+0	1,619900000000000e+0	1,106500000000000e+0	7,453000000000000e-1	1,141400000000000e+0	1,612700000000000e+0	9,512000000000000e-1	1,761800000000000e+0
2,850000000000000e+2	2,356000000000000e-1	1,481000000000000e+0	1,589300000000000e+0	1,082800000000000e+0	7,433000000000000e-1	1,144400000000000e+0	1,613200000000000e+0	9,510000000000000e-1	1,780100000000000e+0
2,860000000000000e+2	2,356000000000000e-1	1,441600000000000e+0	1,548500000000000e+0	1,060900000000000e+0	7,451000000000000e-1	1,138900000000000e+0	1,603500000000000e+0	9,502000000000000e-1	1,764100000000000e+0
2,870000000000000e+2	2,349000000000000e-1	1,409700000000000e+0	1,520200000000000e+0	1,039500000000000e+0	7,433000000000000e-1	1,140600000000000e+0	1,601600000000000e+0	9,529000000000000e-1	1,756700000000000e+0
2,880000000000000e+2	2,348000000000000e-1	1,382800000000000e+0	1,486600000000000e+0	1,017700000000000e+0	7,429000000000000e-1	1,138100000000000e+0	1,603500000000000e+0	9,542000000000000e-1	1,771300000000000e+0
2,890000000000000e+2	2,348000000000000e-1	1,352700000000000e+0	1,454400000000000e+0	9,986000000000000e-1	7,429000000000000e-1	1,140400000000000e+0	1,616100000000000e+0	9,557000000000000e-1	1,763300000000000e+0
2,900000000000000e+2	2,353000000000000e-1	1,320500000000000e+0	1,430200000000000e+0	9,788000000000000e-1	7,433000000000000e-1	1,140200000000000e+0	1,607800000000000e+0	9,553000000000000e-1	1,757000100000000e+0
2,910000000000000e+2	2,350000000000000e-1	1,294300000000000e+0	1,403000000000000e+0	9,603000000000000e-1	7,421000000000000e-1	1,137400000000000e+0	1,605800000000000e+0	9,568000000000000e-1	1,760800000000000e+0
2,920000000000000e+2	2,353000000000000e-1	1,272600000000000e+0	1,378500000000000e+0	9,432000000000000e-1	7,421000000000000e-1	1,137900000000000e+0	1,606800000000000e+0	9,584000000000000e-1	1,766000000000000e+0
2,930000000000000e+2	2,352000000000000e-1	1,245300000000000e+0	1,351100000000000e+0	9,251000000000000e-1	7,422000000000000e-1	1,136700000000000e+0	1,595000000000000e+0	9,600000000000000e-1	1,754900000000000e+0
2,940000000000000e+2	2,348000000000000e-1	1,222200000000000e+0	1,332400000000000e+0	9,086000000000000e-1	7,411000000000000e-1	1,137400000000000e+0	1,597900000000000e+0	9,616000000000000e-1	1,753400000000000e+0
2,950000000000000e+2	2,354000000000000e-1	1,200300000000000e+0	1,314100000000000e+0	8,924000000000000e-1	7,422000000000000e-1	1,136600000000000e+0	1,602200000000000e+0	9,647000000000000e-1	1,734800100000000e+0
2,960000000000000e+2	2,362000000000000e-1	1,178900000000000e+0	1,291200000000000e+0	8,777000000000000e-1	7,428000000000000e-1	1,135300000000000e+0	1,605800000000000e+0	9,699000000000000e-1	1,747900000000000e+0
2,970000000000000e+2	2,360000000000000e-1	1,162000000000000e+0	1,271900000000000e+0	8,633000000000000e-1	7,423000000000000e-1	1,135500000000000e+0	1,606400000000000e+0	9,703000000000000e-1	1,746500000000000e+0
2,980000000000000e+2	2,353000000000000e-1	1,142600000000000e+0	1,257500000000000e+0	8,475000000000000e-1	7,419000000000000e-1	1,133000000000000e+0	1,612400000000000e+0	9,734000000000000e-1	1,750000000000000e+0
2,990000000000000e+2	2,364000000000000e-1	1,125900000000000e+0	1,234600000000000e+0	8,342000000000000e-1	7,443000000000000e-1	1,136700000000000e+0	1,609800000000000e+0	9,774000000000000e-1	1,734400000000000e+0
3,000000000000000e+2	2,363000000000000e-1	1,103500000000000e+0	1,208400000000000e+0	8,194000000000000e-1	7,436000000000000e-1	1,132400000000000e+0	1,602100000000000e+0	9,790000000000000e-1	1,740000000000000e+0
3,010000000000000e+2	2,353000000000000e-1	1,085300000000000e+0	1,193400000000000e+0	8,066000000000000e-1	7,428000000000000e-1	1,132900000000000e+0	1,596100000000000e+0	9,864000000000000e-1	1,733600000000000e+0
3,020000000000000e+2	2,357000000000000e-1	1,070100000000000e+0	1,176900000000000e+0	7,933000000000000e-1	7,436000000000000e-1	1,132100000000000e+0	1,599700000000000e+0	9,888000000000000e-1	1,735700000000000e+0
3,030000000000000e+2	2,347000000000000e-1	1,051300000000000e+0	1,158700000000000e+0	7,829000000000000e-1	7,443000000000000e-1	1,134000000000000e+0	1,596800000000000e+0	9,948000000000000e-1	1,736800100000000e+0
3,040000000000000e+2	2,359000000000000e-1	1,034800000000000e+0	1,140100000000000e+0	7,710000000000000e-1	7,436000000000000e-1	1,131300000000000e+0	1,601300000000000e+0	1,001000000000000e+0	1,720100000000000e+0
3,050000000000000e+2	2,360000000000000e-1	1,020800000000000e+0	1,127200000000000e+0	7,621000000000000e-1	7,451000000000000e-1	1,132900000000000e+0	1,595200000000000e+0	1,005200000000000e+0	1,734300000000000e+0
3,060000000000000e+2	2,436000000000000e-1	9,950000000000000e-1	1,100400000000000e+0	7,529000000000000e-1	7,524000000000000e-1	1,121200000000000e+0	1,553100000000000e+0	1,019100000000000e+0	1,717600000000000e+0
3,070000000000000e+2	2,441000000000000e-1	9,803000000000000e-1	1,089300000000000e+0	7,448000000000000e-1	7,521000000000000e-1	1,113100000000000e+0	1,544800000000000e+0	1,024600000000000e+0	1,735000000000000e+0
3,080000000000000e+2	2,431000000000000e-1	9,722000000000000e-1	1,071700000000000e+0	7,362000000000000e-1	7,515000000000000e-1	1,115700000000000e+0	1,550000000000000e+0	1,030100000000000e+0	1,740500000000000e+0
3,090000000000000e+2	2,451000000000000e-1	9,586000000000000e-1	1,063600000000000e+0	7,291000000000000e-1	7,537000000000000e-1	1,117400000000000e+0	1,568300000000000e+0	1,044900000000000e+0	1,714400000000000e+0
3,100000000000000e+2	2,422000000000000e-1	9,460000000000000e-1	1,052400000000000e+0	7,205000000000000e-1	7,506000000000000e-1	1,117600000000000e+0	1,548300000000000e+0	1,046100000000000e+0	1,723200000000000e+0
3,110000000000000e+2	2,433000000000000e-1	9,360000000000000e-1	1,041800000000000e+0	7,140000000000000e-1	7,550000000000000e-1	1,121700000000000e+0	1,550500000000000e+0	1,054700000000000e+0	1,699300000000000e+0
3,120000000000000e+2	2,439000000000000e-1	9,297000000000000e-1	1,032700000000000e+0	7,089000000000000e-1	7,546000000000000e-1	1,114300000000000e+0	1,545900000000000e+0	1,065400000000000e+0	1,716000000000000e+0
3,130000000000000e+2	2,427000000000000e-1	9,190000000000000e-1	1,027700000000000e+0	7,028000000000000e-1	7,576000000000000e-1	1,114700000000000e+0	1,555700000000000e+0	1,075200000000000e+0	1,691700000000000e+0
3,140000000000000e+2	2,437000000000000e-1	9,118000000000000e-1	1,016100000000000e+0	6,984000000000000e-1	7,543000000000000e-1	1,117400000000000e+0	1,552900000000000e+0	1,087900000000000e+0	1,691500000000000e+0
3,150000000000000e+2	2,440000000000000e-1	9,029000000000000e-1	1,010500000000000e+0	6,923000000000000e-1	7,549000000000000e-1	1,114100000000000e+0	1,558300000000000e+0	1,097200000000000e+0	1,697500000000000e+0
3,160000000000000e+2	2,436000000000000e-1	8,993000000000000e-1	1,005600000000000e+0	6,875000000000000e-1	7,584000000000000e-1	1,115200000000000e+0	1,545600000000000e+0	1,105600000000000e+0	1,690700000000000e+0
3,170000000000000e+2	2,439000000000000e-1	8,919000000000000e-1	9,976000000000000e-1	6,843000000000000e-1	7,605000000000000e-1	1,113700000000000e+0	1,538600000000000e+0	1,118400000000000e+0	1,686200000000000e+0
3,180000000000000e+2	2,437000000000000e-1	8,841000000000000e-1	9,939000000000000e-1	6,815000000000000e-1	7,627000000000000e-1	1,117600000000000e+0	1,540000000000000e+0	1,132300000000000e+0	1,668500000000000e+0
3,190000000000000e+2	2,430000000000000e-1	8,832000000000000e-1	9,879000000000000e-1	6,764000000000000e-1	7,641000000000000e-1	1,118900000000000e+0	1,554400000000000e+0	1,146000000000000e+0	1,660100000000000e+0
3,200000000000000e+2	2,428000000000000e-1	8,810000000000000e-1	9,848000000000000e-1	6,757000000000000e-1	7,661000000000000e-1	1,115800000000000e+0	1,554800000000000e+0	1,167300000000000e+0	1,662900000000000e+0
3,210000000000000e+2	2,444000000000000e-1	8,758000000000000e-1	9,812000000000000e-1	6,736000000000000e-1	7,677000000000000e-1	1,115800000000000e+0	1,559500000000000e+0	1,180800000000000e+0	1,666400000000000e+0
3,220000000000000e+2	2,443000000000000e-1	8,724000000000000e-1	9,789000000000000e-1	6,702000000000000e-1	7,706000000000000e-1	1,116600000000000e+0	1,536700000000000e+0	1,186600000000000e+0	1,666800000000000e+0
3,230000000000000e+2	2,431000000000000e-1	8,691000000000000e-1	9,749000000000000e-1	6,682000000000000e-1	7,688000000000000e-1	1,117800000000000e+0	1,536600000000000e+0	1,200800000000000e+0	1,666900000000000e+0
3,240000000000000e+2	2,438000000000000e-1	8,650000000000000e-1	9,716000000000000e-1	6,642000000000000e-1	7,741000000000000e-1	1,116700000000000e+0	1,548900000000000e+0	1,216200000000000e+0	1,658700000000000e+0
3,250000000000000e+2	2,434000000000000e-1	8,682000000000000e-1	9,729000000000000e-1	6,619000000000001e-1	7,755000000000000e-1	1,119200000000000e+0	1,547900000000000e+0	1,232500000000000e+0	1,647000000000000e+0
3,260000000000000e+2	2,433000000000000e-1	8,615000000000000e-1	9,672000000000000e-1	6,618000000000001e-1	7,754000000000000e-1	1,120100000000000e+0	1,547500000000000e+0	1,247100000000000e+0	1,637900000000000e+0
3,270000000000000e+2	2,455000000000000e-1	8,596000000000000e-1	9,648000000000000e-1	6,586000000000000e-1	7,763000000000000e-1	1,119700000000000e+0	1,550900000000000e+0	1,262500000000000e+0	1,631600000000000e+0
3,280000000000000e+2	2,430000000000000e-1	8,590000000000000e-1	9,641000000000000e-1	6,576999999999999e-1	7,812000000000000e-1	1,116800000000000e+0	1,535400000000000e+0	1,269900000000000e+0	1,619800000000000e+0
3,290000000000000e+2	2,433000000000000e-1	8,567000000000000e-1	9,640000000000000e-1	6,548000000000001e-1	7,810000000000000e-1	1,118100000000000e+0	1,538800000000000e+0	1,282200000000000e+0	1,626000000000000e+0
3,300000000000000e+2	2,426000000000000e-1	8,544000000000000e-1	9,628000000000000e-1	6,563000000000000e-1	7,849000000000000e-1	1,117500000000000e+0	1,550400000000000e+0	1,303300000000000e+0	1,615000000000000e+0
3,310000000000000e+2	2,432000000000000e-1	8,525000000000000e-1	9,571000000000000e-1	6,551000000000000e-1	7,806000000000000e-1	1,118500000000000e+0	1,557600000000000e+0	1,302600000000000e+0	1,622900000000000e+0
3,320000000000000e+2	2,422000000000000e-1	8,521000000000000e-1	9,559000000000000e-1	6,508000000000001e-1	7,862000000000000e-1	1,118800000000000e+0	1,570300000000000e+0	1,323100000000000e+0	1,617600000000000e+0
3,330000000000000e+2	2,441000000000000e-1	8,544000000000000e-1	9,608000000000000e-1	6,495999999999999e-1	7,864000000000000e-1	1,120100000000000e+0	1,547800000000000e+0	1,338400000000000e+0	1,614500000000000e+0
3,340000000000000e+2	2,424000000000000e-1	8,510000000000000e-1	9,565000000000000e-1	6,515999999999999e-1	7,889000000000000e-1	1,118900000000000e+0	1,553700000000000e+0	1,346100000000000e+0	1,604400000000000e+0
3,350000000000000e+2	2,426000000000000e-1	8,505000000000000e-1	9,529000000000000e-1	6,498000000000001e-1	7,924000000000000e-1	1,118900000000000e+0	1,544800000000000e+0	1,347900000000000e+0	1,607300000000000e+0
3,360000000000000e+2	2,424000000000000e-1	8,492000000000000e-1	9,527000000000000e-1	6,473000000000000e-1	7,902000000000000e-1	1,118800000000000e+0	1,543900000000000e+0	1,351900000000000e+0	1,590700000000000e+0
3,370000000000000e+2	2,431000000000000e-1	8,479000000000000e-1	9,533000000000000e-1	6,468000000000001e-1	7,917000000000000e-1	1,120000000000000e+0	1,551500000000000e+0	1,365900000000000e+0	1,586600000000000e+0
3,380000000000000e+2	2,426000000000000e-1	8,451000000000000e-1	9,553000000000000e-1	6,457000000000001e-1	7,945000000000000e-1	1,122000000000000e+0	1,544700000000000e+0	1,359600000000000e+0	1,575900000000000e+0
3,390000000000000e+2	2,421000000000000e-1	8,477000000000000e-1	9,522000000000000e-1	6,435999999999999e-1	7,935000000000000e-1	1,120800000000000e+0	1,545900000000000e+0	1,369300000000000e+0	1,571000000000000e+0
3,400000000000000e+2	2,445000000000000e-1	8,459000000000000e-1	9,534000000000000e-1	6,438000000000000e-1	7,908000000000000e-1	1,124200000000000e+0	1,539700000000000e+0	1,372900000000000e+0	1,593400000000000e+0
3,410000000000000e+2	2,432000000000000e-1	8,447000000000000e-1	9,534000000000000e-1	6,458000000000001e-1	7,927000000000000e-1	1,128100000000000e+0	1,548500000000000e+0	1,372900000000000e+0	1,586800000000000e+0
3,420000000000000e+2	2,420000000000000e-1	8,426000000000000e-1	9,491000000000000e-1	6,449000000000000e-1	7,906000000000000e-1	1,124300000000000e+0	1,541600000000000e+0	1,370200000000000e+0	1,557200000000000e+0
3,430000000000000e+2	2,435000000000000e-1	8,439000000000000e-1	9,458000000000000e-1	6,451000000000000e-1	7,867000000000000e-1	1,119600000000000e+0	1,551800000000000e+0	1,372300000000000e+0	1,567400000000000e+0
3,440000000000000e+2	2,455000000000000e-1	8,440000000000000e-1	9,487000000000000e-1	6,459000000000000e-1	7,926000000000000e-1	1,131300000000000e+0	1,538400000000000e+0	1,370400000000000e+0	1,554600000000000e+0
3,450000000000000e+2	2,435000000000000e-1	8,442000000000000e-1	9,487000000000000e-1	6,451000000000000e-1	7,897000000000000e-1	1,130500000000000e+0	1,520900000000000e+0	1,368800000000000e+0	1,570900000000000e+0
3,460000000000000e+2	2,426000000000000e-1	8,416000000000000e-1	9,446000000000000e-1	6,427000000000001e-1	7,876000000000000e-1	1,123600000000000e+0	1,547200000000000e+0	1,360800000000000e+0	1,571900000000000e+0
3,470000000000000e+2	2,428000000000000e-1	8,414000000000000e-1	9,450000000000000e-1	6,435999999999999e-1	7,877000000000000e-1	1,133100000000000e+0	1,554000000000000e+0	1,355300000000000e+0	1,570700000000000e+0
3,480000000000000e+2	2,435000000000000e-1	8,457000000000000e-1	9,476000000000000e-1	6,407000000000001e-1	7,868000000000000e-1	1,130000000000000e+0	1,560700000000000e+0	1,341600000000000e+0	1,559300000000000e+0
3,490000000000000e+2	2,424000000000000e-1	8,421000000000000e-1	9,463000000000000e-1	6,395999999999999e-1	7,847000000000000e-1	1,131100000000000e+0	1,560800000000000e+0	1,331000000000000e+0	1,547700000000000e+0
3,500000000000000e+2	2,429000000000000e-1	8,456000000000000e-1	9,431000000000000e-1	6,378000000000000e-1	7,790000000000000e-1	1,130100000000000e+0	1,566600000000000e+0	1,321100000000000e+0	1,554400000000000e+0
3,510000000000000e+2	2,445000000000000e-1	8,409000000000000e-1	9,414000000000000e-1	6,397000000000001e-1	7,777000000000000e-1	1,127000000000000e+0	1,566700000000000e+0	1,320400000000000e+0	1,551600000000000e+0
3,520000000000000e+2	2,442000000000000e-1	8,335000000000000e-1	9,438000000000000e-1	6,382000000000000e-1	7,764000000000000e-1	1,135400000000000e+0	1,543300000000000e+0	1,299700000000000e+0	1,555300000000000e+0
3,530000000000000e+2	2,424000000000000e-1	8,336000000000000e-1	9,431000000000000e-1	6,390000000000000e-1	7,752000000000000e-1	1,132200000000000e+0	1,555300000000000e+0	1,281800000000000e+0	1,557900000000000e+0
3,540000000000000e+2	2,435000000000000e-1	8,319000000000000e-1	9,391000000000000e-1	6,411000000000000e-1	7,728000000000000e-1	1,128900000000000e+0	1,559700000000000e+0	1,278400000000000e+0	1,556200000000000e+0
3,550000000000000e+2	2,425000000000000e-1	8,354000000000000e-1	9,370000000000000e-1	6,377000000000001e-1	7,702000000000000e-1	1,129600000000000e+0	1,583600000000000e+0	1,260400000000000e+0	1,522600000000000e+0
3,560000000000000e+2	2,422000000000000e-1	8,356000000000000e-1	9,381000000000000e-1	6,403000000000000e-1	7,661000000000000e-1	1,132100000000000e+0	1,567600000000000e+0	1,237400000000000e+0	1,537300000000000e+0
3,570000000000000e+2	2,425000000000000e-1	8,371000000000000e-1	9,401000000000000e-1	6,364999999999999e-1	7,651000000000000e-1	1,137000000000000e+0	1,558200000000000e+0	1,220300000000000e+0	1,551100000000000e+0
3,580000000000000e+2	2,422000000000000e-1	8,335000000000000e-1	9,413000000000000e-1	6,340000000000000e-1	7,603000000000000e-1	1,135100000000000e+0	1,543000000000000e+0	1,210600000000000e+0	1,536500000000000e+0
3,590000000000000e+2	2,417000000000000e-1	8,303000000000000e-1	9,380000000000000e-1	6,363000000000000e-1	7,585000000000000e-1	1,141500000000000e+0	1,549700000000000e+0	1,213000000000000e+0	1,548000000000000e+0
3,600000000000000e+2	3,074000000000000e-1	7,769000000000000e-1	8,375000000000000e-1	5,380000000000000e-1	6,748000099999999e-1	1,056300000000000e+0	1,403000000000000e+0	1,106200000000000e+0	1,468400000000000e+0
3,610000000000000e+2	2,987000000000000e-1	6,444000000000000e-1	6,559000000000000e-1	3,543000000000000e-1	5,171000000000000e-1	8,997000000000000e-1	1,174400000000000e+0	9,205000000000000e-1	1,334900000000000e+0
3,620000000000000e+2	2,791000000000000e-1	6,205000000000001e-1	6,364999999999999e-1	3,374000100000000e-1	4,942000000000000e-1	8,895000000000000e-1	1,158100000000000e+0	8,822000000000000e-1	1,328200000000000e+0
3,630000000000000e+2	2,806000000000000e-1	6,208000000000000e-1	6,374000000000000e-1	3,377000000000000e-1	4,921000000000000e-1	8,822000000000000e-1	1,159000000000000e+0	8,675000000000000e-1	1,302400000000000e+0
3,640000000000000e+2	2,828000000000000e-1	6,262000000000000e-1	6,422000000000000e-1	3,414000000000000e-1	4,918000000000000e-1	8,874000000000000e-1	1,165000000000000e+0	8,506000000000000e-1	1,293800000000000e+0
3,650000000000000e+2	2,840000000000000e-1	6,327000000000001e-1	6,482000000000000e-1	3,483000000000000e-1	4,950000000000000e-1	8,941000000000000e-1	1,163200000000000e+0	8,332000000000000e-1	1,325700000000000e+0
3,660000000000000e+2	2,854000000000000e-1	6,344999999999999e-1	6,543000000000000e-1	3,529000000000000e-1	4,984000000000000e-1	9,030000000000000e-1	1,173200000000000e+0	8,202000000000000e-1	1,326800000000000e+0
3,670000000000000e+2	2,859000000000000e-1	6,344000000000000e-1	6,514000000000000e-1	3,528000000000000e-1	4,933000000000000e-1	9,045000000000000e-1	1,179000000000000e+0	8,098000000000000e-1	1,321400000000000e+0
3,680000000000000e+2	2,857000000000000e-1	6,306000000000001e-1	6,504000000000000e-1	3,539000000000000e-1	4,856000000000000e-1	9,040000000000000e-1	1,186500000000000e+0	7,925000000000000e-1	1,314000000000000e+0
3,690000000000000e+2	2,840000000000000e-1	6,279000000000000e-1	6,458000000000001e-1	3,518000000000000e-1	4,862000000000000e-1	9,064000000000000e-1	1,180800000000000e+0	7,757000000000000e-1	1,308200000000000e+0
3,700000000000000e+2	2,846000000000000e-1	6,250000000000000e-1	6,469000000000000e-1	3,527000000000000e-1	4,846000000000000e-1	9,084000000000000e-1	1,199000000000000e+0	7,586000000000000e-1	1,294100000000000e+0
3,710000000000000e+2	2,831000000000000e-1	6,247000000000000e-1	6,414000000000000e-1	3,525000000000000e-1	4,791000000000000e-1	9,107000000000000e-1	1,201400000000000e+0	7,428000000000000e-1	1,320300000000000e+0
3,720000000000000e+2	2,853000000000000e-1	6,223000000000000e-1	6,421000000000000e-1	3,545000000000000e-1	4,799000000000000e-1	9,147000000000000e-1	1,195800000000000e+0	7,321000000000000e-1	1,308400000000000e+0
3,730000000000000e+2	2,843000000000000e-1	6,200000000000000e-1	6,391000000000000e-1	3,537000000000000e-1	4,754000000000000e-1	9,192000000000000e-1	1,201700000000000e+0	7,141000099999999e-1	1,302900000000000e+0
3,740000000000000e+2	2,842000000000000e-1	6,179000000000000e-1	6,338000000000000e-1	3,530000000000000e-1	4,738000000000000e-1	9,197000000000000e-1	1,205200000000000e+0	7,019000000000000e-1	1,315700000000000e+0
3,750000000000000e+2	2,843000000000000e-1	6,158000000000000e-1	6,371000000000000e-1	3,538000000000000e-1	4,704000000000000e-1	9,183000000000000e-1	1,205400000000000e+0	6,888000000000000e-1	1,310300000000000e+0
3,760000000000000e+2	2,835000000000000e-1	6,138000000000000e-1	6,331000000000000e-1	3,523000000000000e-1	4,675000000000000e-1	9,186000000000000e-1	1,202900000000000e+0	6,751000000000000e-1	1,315300000000000e+0
3,770000000000000e+2	2,842000000000000e-1	6,130000000000000e-1	6,293000000000000e-1	3,526000000000000e-1	4,655000000000000e-1	9,204000000000000e-1	1,204800000000000e+0	6,643000000000000e-1	1,304800000000000e+0
3,780000000000000e+2	2,841000000000000e-1	6,097000000000000e-1	6,293999999999999e-1	3,522000000000000e-1	4,631000000000000e-1	9,247000000000000e-1	1,207000000000000e+0	6,549000000000000e-1	1,306200000000000e+0
3,790000000000000e+2	2,843000000000000e-1	6,060000000000000e-1	6,260000000000000e-1	3,528000000000000e-1	4,612000000000000e-1	9,255000000000000e-1	1,212800000000000e+0	6,439000000000000e-1	1,307500000000000e+0
3,800000000000000e+2	2,847000000000000e-1	6,035000000000000e-1	6,236000000000001e-1	3,528000000000000e-1	4,598000000000000e-1	9,260000000000000e-1	1,210500000000000e+0	6,337000000000001e-1	1,305900000000000e+0
3,810000000000000e+2	2,844000000000000e-1	6,010000000000000e-1	6,192000000000000e-1	3,532000000000000e-1	4,576000000000000e-1	9,327000000000000e-1	1,214800000000000e+0	6,266000000000001e-1	1,305000000000000e+0
3,820000000000000e+2	2,843000000000000e-1	5,983000000000001e-1	6,185000000000001e-1	3,521000000000000e-1	4,572000000000000e-1	9,350000000000000e-1	1,215500000000000e+0	6,162999999999999e-1	1,305800000000000e+0
3,830000000000000e+2	2,842000000000000e-1	5,954000000000001e-1	6,152000000000000e-1	3,526000000000000e-1	4,556000000000000e-1	9,377000000000000e-1	1,220900000000000e+0	6,084000000000001e-1	1,304100000000000e+0
3,840000000000000e+2	2,842000000000000e-1	5,927000000000000e-1	6,111000000000000e-1	3,521000000000000e-1	4,540000000000000e-1	9,354000000000000e-1	1,216800000000000e+0	6,008000000000000e-1	1,299300000000000e+0
3,850000000000000e+2	2,839000000000000e-1	5,889000000000000e-1	6,087000000000000e-1	3,518000000000000e-1	4,517000000000000e-1	9,398000000000000e-1	1,220800000000000e+0	5,923000000000001e-1	1,294700000000000e+0
3,860000000000000e+2	2,831000000000000e-1	5,867000000000000e-1	6,056000000000000e-1	3,520000100000000e-1	4,495000000000000e-1	9,420000000000000e-1	1,223400000000000e+0	5,858000000000000e-1	1,297900000000000e+0
3,870000000000000e+2	2,832000000000000e-1	5,834000000000000e-1	6,036000000000000e-1	3,514000000000000e-1	4,486000000000000e-1	9,447000000000000e-1	1,228100000000000e+0	5,800999999999999e-1	1,294400000000000e+0
3,880000000000000e+2	2,833000000000000e-1	5,810999999999999e-1	6,011000000000000e-1	3,514000000000000e-1	4,479000000000000e-1	9,495000000000000e-1	1,229600000000000e+0	5,741000000000001e-1	1,288600000000000e+0
3,890000000000000e+2	2,840000000000000e-1	5,772000000000001e-1	5,981000000000000e-1	3,508000000000000e-1	4,471000000000000e-1	9,504000000000000e-1	1,234500000000000e+0	5,692000000000000e-1	1,292400000000000e+0
3,900000000000000e+2	2,841000000000000e-1	5,739000000000000e-1	5,943000000000001e-1	3,504000000000000e-1	4,459000000000000e-1	9,517000000000000e-1	1,236100000000000e+0	5,633000000000000e-1	1,291200000000000e+0
3,910000000000000e+2	2,842000000000000e-1	5,709000000000000e-1	5,911999999999999e-1	3,501000000000000e-1	4,441000000000000e-1	9,555000000000000e-1	1,239800000000000e+0	5,578000000000000e-1	1,292100000000000e+0
3,920000000000000e+2	2,841000000000000e-1	5,682000000000000e-1	5,885000000000000e-1	3,498000000000000e-1	4,431000000000000e-1	9,607000000000000e-1	1,241600000000000e+0	5,528999999999999e-1	1,290900000000000e+0
3,930000000000000e+2	2,833000000000000e-1	5,648000000000000e-1	5,850000000000000e-1	3,493000000000000e-1	4,416000000000000e-1	9,638000000000000e-1	1,250200000000000e+0	5,474000000000000e-1	1,291000000000000e+0
3,940000000000000e+2	2,832000000000000e-1	5,618999999999999e-1	5,818000000000000e-1	3,490000100000000e-1	4,404000000000000e-1	9,646000000000000e-1	1,251100000000000e+0	5,440000000000000e-1	1,293000000000000e+0
3,950000000000000e+2	2,836000000000000e-1	5,591000000000001e-1	5,779999999999999e-1	3,483000000000000e-1	4,393000000000000e-1	9,678000000000000e-1	1,253400000000000e+0	5,391000000000000e-1	1,289800000000000e+0
3,960000000000000e+2	2,833000000000000e-1	5,554000000000000e-1	5,759999999999999e-1	3,479000000000000e-1	4,379000000000000e-1	9,716000000000000e-1	1,258700000000000e+0	5,362000000000000e-1	1,285400000000000e+0
3,970000000000000e+2	2,831000000000000e-1	5,527999999999999e-1	5,728000000000000e-1	3,468000000000000e-1	4,372000000000000e-1	9,747000000000000e-1	1,263500000000000e+0	5,322000000000000e-1	1,284400000000000e+0
3,980000000000000e+2	2,830000000000000e-1	5,507999999999999e-1	5,709999999999999e-1	3,463000000000000e-1	4,359000000000000e-1	9,788000000000000e-1	1,266800000000000e+0	5,282000000000000e-1	1,284900000000000e+0
3,990000000000000e+2	2,826000000000000e-1	5,474000000000000e-1	5,679999999999999e-1	3,456000000000000e-1	4,350000000000000e-1	9,836000000000000e-1	1,269700000000000e+0	5,248000000000001e-1	1,282800000000000e+0
4,000000000000000e+2	2,827000000000000e-1	5,445000000000000e-1	5,648000000000000e-1	3,451000000000000e-1	4,333000000000000e-1	9,869000000000000e-1	1,275300000000000e+0	5,214000000000000e-1	1,283500000000000e+0
4,010000000000000e+2	2,828000000000000e-1	5,422000000000000e-1	5,622000000000000e-1	3,454000000000000e-1	4,332000000000000e-1	9,908000000000000e-1	1,278900000000000e+0	5,190000000000000e-1	1,281400000000000e+0
4,020000000000000e+2	2,829000000000000e-1	5,405000000000000e-1	5,603000000000000e-1	3,454000000000000e-1	4,328000000000000e-1	9,941000000000000e-1	1,284100000000000e+0	5,164000000000000e-1	1,282200000000000e+0
4,030000000000000e+2	2,825000000000000e-1	5,381000000000000e-1	5,587000000000000e-1	3,451000000000000e-1	4,317000000000000e-1	9,998000000000000e-1	1,289200000000000e+0	5,131000000000000e-1	1,280000000000000e+0
4,040000000000000e+2	2,826000000000000e-1	5,359000000000001e-1	5,563000000000000e-1	3,444000000000000e-1	4,307000000000000e-1	1,003600000000000e+0	1,293900000000000e+0	5,102000000000000e-1	1,281200000000000e+0
4,050000000000000e+2	2,828000000000000e-1	5,338000000000001e-1	5,545000000000000e-1	3,448000000000000e-1	4,301000000000000e-1	1,007800000000000e+0	1,298000000000000e+0	5,077000000000001e-1	1,277800000000000e+0
4,060000000000000e+2	2,826000000000000e-1	5,323000000000000e-1	5,527999999999999e-1	3,441000000000000e-1	4,291000000000000e-1	1,013400000000000e+0	1,303100000000000e+0	5,048000000000000e-1	1,281600000000000e+0
4,070000000000000e+2	2,823000000000000e-1	5,301000000000000e-1	5,514000000000000e-1	3,444000000000000e-1	4,281000000000000e-1	1,018600000000000e+0	1,308300000000000e+0	5,023999999999999e-1	1,277300000000000e+0
4,080000000000000e+2	2,826000000000000e-1	5,290000000000000e-1	5,496000000000000e-1	3,444000000000000e-1	4,279000000000000e-1	1,021900000000000e+0	1,314100000000000e+0	5,006000000000001e-1	1,276500000000000e+0
4,090000000000000e+2	2,828000000000000e-1	5,278000000000001e-1	5,483000000000000e-1	3,446000000000000e-1	4,268000000000000e-1	1,027500000000000e+0	1,320600000000000e+0	4,980000000000000e-1	1,275300000000000e+0
4,100000000000000e+2	2,829000000000000e-1	5,263000000000000e-1	5,470000000000001e-1	3,445000100000000e-1	4,260000000000000e-1	1,032500000000000e+0	1,326200000000000e+0	4,964000000000000e-1	1,274100000000000e+0
4,110000000000000e+2	2,829000000000000e-1	5,256999999999999e-1	5,459000000000001e-1	3,448000000000000e-1	4,259000000000000e-1	1,036400000000000e+0	1,332100000000000e+0	4,941000000000000e-1	1,272100000000000e+0
4,120000000000000e+2	2,829000000000000e-1	5,255000000000000e-1	5,462000000000000e-1	3,451000000000000e-1	4,256000000000000e-1	1,044000000000000e+0	1,337300000000000e+0	4,922000000000000e-1	1,273400000000000e+0
4,130000000000000e+2	2,828000000000000e-1	5,253000000000000e-1	5,460000000000001e-1	3,456000000000000e-1	4,249000000000000e-1	1,050300000000000e+0	1,342900000000000e+0	4,901000000000000e-1	1,269300000000000e+0
4,140000000000000e+2	2,827000000000000e-1	5,248000000000001e-1	5,455000000000000e-1	3,453000000000000e-1	4,240000000000000e-1	1,055900000000000e+0	1,349400000000000e+0	4,878000000000000e-1	1,271300000000000e+0
4,150000000000000e+2	2,823000000000000e-1	5,247000000000001e-1	5,452000000000000e-1	3,449000000000000e-1	4,231000000000000e-1	1,059800000000000e+0	1,357300000000000e+0	4,855000000000000e-1	1,270300000000000e+0
4,160000000000000e+2	2,836000000000000e-1	5,232000000000000e-1	5,436000000000000e-1	3,431000000000000e-1	4,199000000000000e-1	1,064300000000000e+0	1,363000000000000e+0	4,812000000000000e-1	1,267900000000000e+0
4,170000000000000e+2	2,800000000000000e-1	5,165999999999999e-1	5,373000000000000e-1	3,355000000000000e-1	4,110000000000000e-1	1,063200000000000e+0	1,365800000000000e+0	4,707000000000000e-1	1,258200000000000e+0
4,180000000000000e+2	2,785000000000000e-1	5,164000000000000e-1	5,372000000000000e-1	3,351000000000000e-1	4,091000000000000e-1	1,067200000000000e+0	1,369100000000000e+0	4,677000000000000e-1	1,255800000000000e+0
4,190000000000000e+2	2,786000000000000e-1	5,180000000000000e-1	5,389000000000001e-1	3,353000000000000e-1	4,086000000000000e-1	1,072800000000000e+0	1,376900000000000e+0	4,662000000000000e-1	1,254900000000000e+0
4,200000000000000e+2	2,784000000000000e-1	5,204000000000000e-1	5,412000000000000e-1	3,363000000000000e-1	4,080000000000000e-1	1,080000000000000e+0	1,384000000000000e+0	4,640000000000000e-1	1,254600000000000e+0
4,210000000000000e+2	2,783000000000000e-1	5,225999999999999e-1	5,437000000000000e-1	3,375000000000000e-1	4,075000000000000e-1	1,085300000000000e+0	1,390600000000000e+0	4,629000000000000e-1	1,253300000000000e+0
4,220000000000000e+2	2,787000000000000e-1	5,263000000000000e-1	5,467999999999999e-1	3,385000000000000e-1	4,069000000000000e-1	1,091600000000000e+0	1,397100000000000e+0	4,613000000000000e-1	1,253700000000000e+0
4,230000000000000e+2	2,784000000000000e-1	5,298000000000001e-1	5,505000000000000e-1	3,394000100000000e-1	4,065000000000000e-1	1,097400000000000e+0	1,403400000000000e+0	4,594000000000000e-1	1,252900000000000e+0
4,240000000000000e+2	2,784000000000000e-1	5,343000000000000e-1	5,553000000000000e-1	3,407000000000000e-1	4,062000000000000e-1	1,104000000000000e+0	1,409400000000000e+0	4,581000000000000e-1	1,252300000000000e+0
4,250000000000000e+2	2,781000000000000e-1	5,392000000000000e-1	5,601000000000001e-1	3,425000000000000e-1	4,052000000000000e-1	1,109800000000000e+0	1,417400000000000e+0	4,563000000000000e-1	1,251300000000000e+0
4,260000000000000e+2	2,780000000000000e-1	5,447999999999999e-1	5,656000000000000e-1	3,443000000000000e-1	4,048000000000000e-1	1,115400000000000e+0	1,423800000000000e+0	4,553000000000000e-1	1,250400000000000e+0
4,270000000000000e+2	2,783000000000000e-1	5,516000000000000e-1	5,724000000000000e-1	3,465000100000000e-1	4,047000000000000e-1	1,122700000000000e+0	1,430900000000000e+0	4,539000000000000e-1	1,249700000000000e+0
4,280000000000000e+2	2,781000000000000e-1	5,587000000000000e-1	5,794000000000000e-1	3,486000000000000e-1	4,040000000000000e-1	1,129200000000000e+0	1,438400000000000e+0	4,530000000000000e-1	1,247800000000000e+0
4,290000000000000e+2	2,778000000000000e-1	5,661000000000001e-1	5,870000000000000e-1	3,506000000000000e-1	4,040000000000000e-1	1,134300000000000e+0	1,444000000000000e+0	4,518000000000000e-1	1,248900000000000e+0
4,300000000000000e+2	2,781000000000000e-1	5,742000000000001e-1	5,951999999999999e-1	3,529000000000000e-1	4,038000000000000e-1	1,141000000000000e+0	1,451300000000000e+0	4,509000000000000e-1	1,247700000000000e+0
4,310000000000000e+2	2,780000000000000e-1	5,830999999999999e-1	6,039000000000000e-1	3,552000000000000e-1	4,031000000000000e-1	1,147400000000000e+0	1,457800000000000e+0	4,497000000000000e-1	1,247700000000000e+0
4,320000000000000e+2	2,780000000000000e-1	5,918000000000000e-1	6,126000000000000e-1	3,578000000000000e-1	4,029000000000000e-1	1,153500000000000e+0	1,465000000000000e+0	4,486000000000000e-1	1,248200000000000e+0
4,330000000000000e+2	2,781000000000000e-1	6,011000000000000e-1	6,220000000000000e-1	3,604000000000000e-1	4,028000000000000e-1	1,159700000000000e+0	1,472800000000000e+0	4,479000000000000e-1	1,247500000000000e+0
4,340000000000000e+2	2,778000000000000e-1	6,099000000000000e-1	6,304999999999999e-1	3,626000000000000e-1	4,018000000000000e-1	1,164500000000000e+0	1,479100000000000e+0	4,466000000000000e-1	1,245300000000000e+0
4,350000000000000e+2	2,779000000000000e-1	6,192000000000000e-1	6,398000000000000e-1	3,648000000000000e-1	4,014000000000000e-1	1,170600000000000e+0	1,482500000000000e+0	4,456000000000000e-1	1,243700000000000e+0
4,360000000000000e+2	2,779000000000000e-1	6,291000000000000e-1	6,501000000000000e-1	3,680000000000000e-1	4,012000000000000e-1	1,177000000000000e+0	1,490100000000000e+0	4,451000000000000e-1	1,243900000000000e+0
4,370000000000000e+2	2,784000000000000e-1	6,377000000000001e-1	6,591000000000000e-1	3,707000000000000e-1	4,012000000000000e-1	1,182600000000000e+0	1,497900000000000e+0	4,444000000000000e-1	1,244000000000000e+0
4,380000000000000e+2	2,781000000000000e-1	6,461000000000000e-1	6,671000000000000e-1	3,731000000000000e-1	4,010000000000000e-1	1,188300000000000e+0	1,504000000000000e+0	4,435000000000000e-1	1,243100000000000e+0
4,390000000000000e+2	2,781000000000000e-1	6,539000000000000e-1	6,748000099999999e-1	3,752000000000000e-1	4,008000000000000e-1	1,193100000000000e+0	1,509600000000000e+0	4,429000000000000e-1	1,243100000000000e+0
4,400000000000000e+2	2,784000000000000e-1	6,611000000000000e-1	6,817000000000000e-1	3,775000000000000e-1	4,006000000000000e-1	1,198900000000000e+0	1,516400000000000e+0	4,424000000000000e-1	1,242500000000000e+0
4,410000000000000e+2	2,783000000000000e-1	6,660000000000000e-1	6,871000000000001e-1	3,788000000000000e-1	3,998000000000000e-1	1,204900000000000e+0	1,520700000000000e+0	4,415000000000000e-1	1,242500000000000e+0
4,420000000000000e+2	2,782000000000000e-1	6,705000000000000e-1	6,913000000000000e-1	3,800000000000000e-1	3,999000000000000e-1	1,210000000000000e+0	1,527300000000000e+0	4,409000000000000e-1	1,241800000000000e+0
4,430000000000000e+2	2,784000000000000e-1	6,732000000000000e-1	6,940000099999999e-1	3,809000000000000e-1	3,994000000000000e-1	1,214900000000000e+0	1,532100000000000e+0	4,399000000000000e-1	1,241000000000000e+0
4,440000000000000e+2	2,783000000000000e-1	6,745000000000000e-1	6,955000000000000e-1	3,812000000000000e-1	3,991000000000000e-1	1,219300000000000e+0	1,537200000000000e+0	4,392000000000000e-1	1,240200000000000e+0
4,450000000000000e+2	2,781000000000000e-1	6,737000000000000e-1	6,948000000000000e-1	3,813000000000000e-1	3,990000000000000e-1	1,223900000000000e+0	1,540900000000000e+0	4,387000000000000e-1	1,239900000000000e+0
4,460000000000000e+2	2,780000000000000e-1	6,715000000000000e-1	6,926000000000000e-1	3,809000000000000e-1	3,987000000000000e-1	1,228200000000000e+0	1,546900000000000e+0	4,380000000000000e-1	1,239100000000000e+0
4,470000000000000e+2	2,780000000000000e-1	6,675000000000000e-1	6,886000000000000e-1	3,801000000000000e-1	3,986000000000000e-1	1,231700000000000e+0	1,552500000000000e+0	4,375000000000000e-1	1,239200000000000e+0
4,480000000000000e+2	2,778000000000000e-1	6,620000000000000e-1	6,828000000000000e-1	3,789000000000000e-1	3,987000000000000e-1	1,235300000000000e+0	1,557100000000000e+0	4,370000000000000e-1	1,238500000000000e+0
4,490000000000000e+2	2,778000000000000e-1	6,552000000000000e-1	6,762000000000000e-1	3,764000000000000e-1	3,983000000000000e-1	1,239200000000000e+0	1,559700000000000e+0	4,365000000000000e-1	1,237600000000000e+0
4,500000000000000e+2	2,779000000000000e-1	6,470000000000000e-1	6,677999999999999e-1	3,737000000000000e-1	3,980000000000000e-1	1,243500000000000e+0	1,563200000000000e+0	4,360000000000000e-1	1,236500000000000e+0
4,510000000000000e+2	2,779000000000000e-1	6,381000000000000e-1	6,586999999999999e-1	3,719000000000000e-1	3,978000000000000e-1	1,246100000000000e+0	1,567100000000000e+0	4,357000000000000e-1	1,236800000000000e+0
4,520000000000000e+2	2,775000000000000e-1	6,281000000000000e-1	6,485999999999999e-1	3,696000000000000e-1	3,976000000000000e-1	1,248900000000000e+0	1,569700000000000e+0	4,351000000000000e-1	1,236600000000000e+0
4,530000000000000e+2	2,775000000000000e-1	6,179000000000000e-1	6,384000000000000e-1	3,671000000000000e-1	3,974000000000000e-1	1,251500000000000e+0	1,574000000000000e+0	4,346000000000000e-1	1,235700000000000e+0
4,540000000000000e+2	2,778000000000000e-1	6,076000000000000e-1	6,280000000000000e-1	3,643000000000000e-1	3,974000000000000e-1	1,253600000000000e+0	1,576800000000000e+0	4,340000000000000e-1	1,235600000000000e+0
4,550000000000000e+2	2,778000000000000e-1	5,970000000000000e-1	6,183999999999999e-1	3,617000000000000e-1	3,974000000000000e-1	1,255700000000000e+0	1,577900000000000e+0	4,337000000000000e-1	1,235000000000000e+0
4,560000000000000e+2	2,778000000000000e-1	5,865000000000000e-1	6,076000000000000e-1	3,589000000000000e-1	3,971000000000000e-1	1,257600000000000e+0	1,579200000000000e+0	4,337000000000000e-1	1,235000000000000e+0
4,570000000000000e+2	2,780000000000000e-1	5,767000000000000e-1	5,975000000000000e-1	3,562000000000000e-1	3,969000000000000e-1	1,259000000000000e+0	1,580400000000000e+0	4,334000000000000e-1	1,234000000000000e+0
4,580000000000000e+2	2,780000000000000e-1	5,672000000000000e-1	5,879000000000000e-1	3,537000000000000e-1	3,969000000000000e-1	1,260400000000000e+0	1,581300000000000e+0	4,330000000000000e-1	1,234200000000000e+0
4,590000000000000e+2	2,777000000000000e-1	5,578000000000000e-1	5,787000000000000e-1	3,514000000000000e-1	3,967000000000000e-1	1,260900000000000e+0	1,581900000000000e+0	4,326000000000000e-1	1,233000000000000e+0
4,600000000000000e+2	2,775000000000000e-1	5,493000000000000e-1	5,701000000000001e-1	3,494000000000000e-1	3,965000000000000e-1	1,261100000000000e+0	1,583100000000000e+0	4,324000000000000e-1	1,232900000000000e+0
4,610000000000000e+2	2,780000000000000e-1	5,415000000000000e-1	5,626000000000000e-1	3,476000000000000e-1	3,968000000000000e-1	1,261900000000000e+0	1,581300000000000e+0	4,328000000000000e-1	1,233300000000000e+0
4,620000000000000e+2	2,780000000000000e-1	5,341000000000000e-1	5,550000000000001e-1	3,458000000000000e-1	3,973000000000000e-1	1,262600000000000e+0	1,583700000000000e+0	4,329000000000000e-1	1,232700000000000e+0
4,630000000000000e+2	2,781000000000000e-1	5,265999999999999e-1	5,479000000000001e-1	3,440000100000000e-1	3,971000000000000e-1	1,261900000000000e+0	1,582300000000000e+0	4,327000000000000e-1	1,232800000000000e+0
4,640000000000000e+2	2,782000000000000e-1	5,198000000000000e-1	5,409000000000001e-1	3,422000000000000e-1	3,972000000000000e-1	1,261000000000000e+0	1,581800000000000e+0	4,324000000000000e-1	1,232700000000000e+0
4,650000000000000e+2	2,781000000000000e-1	5,131000000000000e-1	5,340000000000000e-1	3,402000000000000e-1	3,967000000000000e-1	1,259400000000000e+0	1,579900000000000e+0	4,324000000000000e-1	1,231600000000000e+0
4,660000000000000e+2	2,778000000000000e-1	5,064999999999999e-1	5,276999999999999e-1	3,387000000000000e-1	3,968000000000000e-1	1,258700000000000e+0	1,578600000000000e+0	4,326000000000000e-1	1,231500000000000e+0
4,670000000000000e+2	2,778000000000000e-1	5,009000000000000e-1	5,220000000000000e-1	3,372000000000000e-1	3,971000000000000e-1	1,256700000000000e+0	1,577000000000000e+0	4,328000000000000e-1	1,231100000000000e+0
4,680000000000000e+2	2,777000000000000e-1	4,954000000000000e-1	5,164999999999999e-1	3,356000000000000e-1	3,971000000000000e-1	1,254900000000000e+0	1,575000000000000e+0	4,328000000000000e-1	1,231200000000000e+0
4,690000000000000e+2	2,778000000000000e-1	4,904000000000000e-1	5,114000000000000e-1	3,347000000000000e-1	3,972000000000000e-1	1,251900000000000e+0	1,572500000000000e+0	4,332000000000000e-1	1,230700000000000e+0
4,700000000000000e+2	2,778000000000000e-1	4,857000000000000e-1	5,068000000000000e-1	3,334000000000000e-1	3,975000000000000e-1	1,248900000000000e+0	1,570100000000000e+0	4,336000000000000e-1	1,230500000000000e+0
4,710000000000000e+2	2,781000000000000e-1	4,810000000000000e-1	5,023999999999999e-1	3,324000000000000e-1	3,977000000000000e-1	1,246100000000000e+0	1,565400000000000e+0	4,342000000000000e-1	1,230000000000000e+0
4,720000000000000e+2	2,779000000000000e-1	4,769000000000000e-1	4,984000000000000e-1	3,315000000000000e-1	3,984000000000000e-1	1,242600000000000e+0	1,562000000000000e+0	4,349000000000000e-1	1,230100000000000e+0
4,730000000000000e+2	2,778000000000000e-1	4,730000000000000e-1	4,945000000000000e-1	3,305000000000000e-1	3,990000000000000e-1	1,238700000000000e+0	1,556800000000000e+0	4,357000000000000e-1	1,230600000000000e+0
4,740000000000000e+2	2,779000000000000e-1	4,693000000000000e-1	4,906000000000000e-1	3,296000000000000e-1	3,998000000000000e-1	1,235200000000000e+0	1,552600000000000e+0	4,368000000000000e-1	1,230600000000000e+0
4,750000000000000e+2	2,777000000000000e-1	4,663000000000000e-1	4,875000000000000e-1	3,293000000000000e-1	4,005000000000000e-1	1,231200000000000e+0	1,548400000000000e+0	4,379000000000000e-1	1,230400000000000e+0
4,760000000000000e+2	2,774000000000000e-1	4,629000000000000e-1	4,845000000000000e-1	3,284000000000000e-1	4,010000000000000e-1	1,226700000000000e+0	1,543900000000000e+0	4,394000000000000e-1	1,230700000000000e+0
4,770000000000000e+2	2,774000000000000e-1	4,598000000000000e-1	4,813000000000000e-1	3,278000000000000e-1	4,018000000000000e-1	1,222000000000000e+0	1,538700000000000e+0	4,412000000000000e-1	1,231000000000000e+0
4,780000000000000e+2	2,776000000000000e-1	4,573000000000000e-1	4,788000000000000e-1	3,274000000000000e-1	4,032000000000000e-1	1,217100000000000e+0	1,532500000000000e+0	4,428000000000000e-1	1,230900000000000e+0
4,790000000000000e+2	2,774000000000000e-1	4,544000000000000e-1	4,760000000000000e-1	3,266000000000000e-1	4,037000000000000e-1	1,211900000000000e+0	1,526500000000000e+0	4,442000000000000e-1	1,231100000000000e+0
4,800000000000000e+2	2,773000000000000e-1	4,520000000000000e-1	4,736000000000000e-1	3,259000000000000e-1	4,045000000000000e-1	1,206600000000000e+0	1,521600000000000e+0	4,461000000000000e-1	1,231000000000000e+0
4,810000000000000e+2	2,772000000000000e-1	4,493000000000000e-1	4,710000000000000e-1	3,250000000000000e-1	4,052000000000000e-1	1,200800000000000e+0	1,514700000000000e+0	4,481000000000000e-1	1,231500000000000e+0
4,820000000000000e+2	2,770000000000000e-1	4,469000000000000e-1	4,689000000000000e-1	3,246000000000000e-1	4,065000000000000e-1	1,194200000000000e+0	1,506900000000000e+0	4,507000000000000e-1	1,231600000000000e+0
4,830000000000000e+2	2,771000000000000e-1	4,449000000000000e-1	4,667000000000000e-1	3,244000000000000e-1	4,078000000000000e-1	1,188400000000000e+0	1,499900000000000e+0	4,533000000000000e-1	1,232000000000000e+0
4,840000000000000e+2	2,769000000000000e-1	4,427000000000000e-1	4,646000000000000e-1	3,236000000000000e-1	4,088000000000000e-1	1,182300000000000e+0	1,493300000000000e+0	4,556000000000000e-1	1,232400000000000e+0
4,850000000000000e+2	2,767000000000000e-1	4,407000000000000e-1	4,625000000000000e-1	3,228000000000000e-1	4,103000000000000e-1	1,175600000000000e+0	1,485800000000000e+0	4,583000000000000e-1	1,233000000000000e+0
4,860000000000000e+2	2,766000000000000e-1	4,387000000000000e-1	4,604000000000000e-1	3,225000000000000e-1	4,118000000000000e-1	1,168700000000000e+0	1,478700000000000e+0	4,613000000000000e-1	1,233400000000000e+0
4,870000000000000e+2	2,765000000000000e-1	4,368000000000000e-1	4,586000000000000e-1	3,218000000000000e-1	4,133000000000000e-1	1,161600000000000e+0	1,471700000000000e+0	4,645000000000000e-1	1,234000000000000e+0
4,880000000000000e+2	2,764000000000000e-1	4,353000000000000e-1	4,571000000000000e-1	3,214000000000000e-1	4,147000000000000e-1	1,154700000000000e+0	1,463400000000000e+0	4,678000000000000e-1	1,234500000000000e+0
4,890000000000000e+2	2,765000000000000e-1	4,336000000000000e-1	4,554000000000000e-1	3,208000000000000e-1	4,161000000000000e-1	1,147900000000000e+0	1,454900000000000e+0	4,713000000000000e-1	1,235200000000000e+0
4,900000000000000e+2	2,764000000000000e-1	4,321000000000000e-1	4,540000000000000e-1	3,204000000000000e-1	4,177000000000000e-1	1,140800000000000e+0	1,446900000000000e+0	4,748000000000000e-1	1,236100000000000e+0
4,910000000000000e+2	2,766000000000000e-1	4,307000000000000e-1	4,526000000000000e-1	3,202000000000000e-1	4,194000000000000e-1	1,133600000000000e+0	1,438200000000000e+0	4,789000000000000e-1	1,236500000000000e+0
4,920000000000000e+2	2,766000000000000e-1	4,294000000000000e-1	4,510000000000000e-1	3,199000000000000e-1	4,214000000000000e-1	1,126600000000000e+0	1,430100000000000e+0	4,827000000000000e-1	1,237800000000000e+0
4,930000000000000e+2	2,769000000000000e-1	4,280000000000000e-1	4,498000000000000e-1	3,195000000000000e-1	4,232000000000000e-1	1,119400000000000e+0	1,421500000000000e+0	4,863000000000000e-1	1,238900000000000e+0
4,940000000000000e+2	2,767000000000000e-1	4,270000000000000e-1	4,488000000000000e-1	3,192000000000000e-1	4,250000000000000e-1	1,111800000000000e+0	1,414500000000000e+0	4,900000000000000e-1	1,240000000000000e+0
4,950000000000000e+2	2,766000000000000e-1	4,259000000000000e-1	4,476000000000000e-1	3,188000000000000e-1	4,269000000000000e-1	1,104400000000000e+0	1,405600000000000e+0	4,940000000000000e-1	1,241100000000000e+0
4,960000000000000e+2	2,766000000000000e-1	4,248000000000000e-1	4,466000000000000e-1	3,184000000000000e-1	4,287000000000000e-1	1,096600000000000e+0	1,396700000000000e+0	4,974000000000000e-1	1,242000000000000e+0
4,970000000000000e+2	2,768000000000000e-1	4,236000000000000e-1	4,454000000000000e-1	3,177000000000000e-1	4,301000000000000e-1	1,089300000000000e+0	1,388100000000000e+0	5,008000000000000e-1	1,243400000000000e+0
4,980000000000000e+2	2,766000000000000e-1	4,227000000000000e-1	4,443000000000000e-1	3,174000000000000e-1	4,314000000000000e-1	1,081800000000000e+0	1,379800000000000e+0	5,041000000000000e-1	1,244700000000000e+0
4,990000000000000e+2	2,768000000000000e-1	4,219000000000000e-1	4,435000000000000e-1	3,172000000000000e-1	4,332000000000000e-1	1,074900000000000e+0	1,370900000000000e+0	5,071000000000000e-1	1,246400000000000e+0
5,000000000000000e+2	2,771000000000000e-1	4,210000000000000e-1	4,424000000000000e-1	3,169000000000000e-1	4,342000000000000e-1	1,067500000000000e+0	1,363100000000000e+0	5,097000000000001e-1	1,247700000000000e+0
5,010000000000000e+2	2,770000000000000e-1	4,200000000000000e-1	4,415000000000000e-1	3,168000000000000e-1	4,352000000000000e-1	1,060000000000000e+0	1,355300000000000e+0	5,121000000000000e-1	1,249100000000000e+0
5,020000000000000e+2	2,769000000000000e-1	4,194000000000000e-1	4,409000000000000e-1	3,168000000000000e-1	4,364000000000000e-1	1,053100000000000e+0	1,347100000000000e+0	5,142000000000000e-1	1,250700000000000e+0
5,030000000000000e+2	2,770000000000000e-1	4,189000000000000e-1	4,404000000000000e-1	3,166000000000000e-1	4,374000000000000e-1	1,045800000000000e+0	1,339300000000000e+0	5,159000000000000e-1	1,252400000000000e+0
5,040000000000000e+2	2,770000000000000e-1	4,180000000000000e-1	4,395000000000000e-1	3,165000000000000e-1	4,378000000000000e-1	1,038200000000000e+0	1,331700000000000e+0	5,170000000000000e-1	1,253900000000000e+0
5,050000000000000e+2	2,770000000000000e-1	4,171000000000000e-1	4,386000000000000e-1	3,157000000000000e-1	4,377000000000000e-1	1,031300000000000e+0	1,323500000000000e+0	5,173000000000000e-1	1,255200000000000e+0
5,060000000000000e+2	2,772000000000000e-1	4,168000000000000e-1	4,382000000000000e-1	3,158000000000000e-1	4,377000000000000e-1	1,024700000000000e+0	1,315200000000000e+0	5,175000000000000e-1	1,257500000000000e+0
5,070000000000000e+2	2,770000000000000e-1	4,161000000000000e-1	4,375000000000000e-1	3,154000000000000e-1	4,376000000000000e-1	1,017700000000000e+0	1,307500000000000e+0	5,172000000000000e-1	1,259100000000000e+0
5,080000000000000e+2	2,771000000000000e-1	4,154000000000000e-1	4,368000000000000e-1	3,148000000000000e-1	4,370000000000000e-1	1,011200000000000e+0	1,299900000000000e+0	5,163000000000000e-1	1,260700000000000e+0
5,090000000000000e+2	2,771000000000000e-1	4,148000000000000e-1	4,359000000000000e-1	3,148000000000000e-1	4,362000000000000e-1	1,004700000000000e+0	1,292900000000000e+0	5,150000000000000e-1	1,262300000000000e+0
5,100000000000000e+2	2,772000000000000e-1	4,142000000000000e-1	4,355000000000000e-1	3,147000000000000e-1	4,350000000000000e-1	9,984000000000000e-1	1,285700000000000e+0	5,131000000000000e-1	1,264800000000000e+0
5,110000000000000e+2	2,773000000000000e-1	4,138000000000000e-1	4,355000000000000e-1	3,148000000000000e-1	4,343000000000000e-1	9,926000000000000e-1	1,279000000000000e+0	5,112000000000000e-1	1,266900000000000e+0
5,120000000000000e+2	2,773000000000000e-1	4,135000000000000e-1	4,351000000000000e-1	3,146000000000000e-1	4,333000000000000e-1	9,871000000000000e-1	1,273000000000000e+0	5,087000000000001e-1	1,268900000000000e+0
5,130000000000000e+2	2,771000000000000e-1	4,130000000000000e-1	4,347000000000000e-1	3,145000000000000e-1	4,319000000000000e-1	9,810000000000000e-1	1,266100000000000e+0	5,058000000000000e-1	1,270700000000000e+0
5,140000000000000e+2	2,769000000000000e-1	4,122000000000000e-1	4,340000000000000e-1	3,140000000000000e-1	4,299000000000000e-1	9,746000000000000e-1	1,259800000000000e+0	5,021000000000000e-1	1,272500000000000e+0
5,150000000000000e+2	2,769000000000000e-1	4,120000000000000e-1	4,339000000000000e-1	3,138000000000000e-1	4,282000000000000e-1	9,690000000000000e-1	1,253100000000000e+0	4,987000000000000e-1	1,274400000000000e+0
5,160000000000000e+2	2,771000000000000e-1	4,119000000000000e-1	4,332000000000000e-1	3,136000000000000e-1	4,264000000000000e-1	9,635000000000000e-1	1,246900000000000e+0	4,951000000000000e-1	1,276600000000000e+0
5,170000000000000e+2	2,773000000000000e-1	4,114000000000000e-1	4,325000000000000e-1	3,135000000000000e-1	4,245000000000000e-1	9,577000000000000e-1	1,240600000000000e+0	4,908000000000000e-1	1,278800000000000e+0
5,180000000000000e+2	2,773000000000000e-1	4,110000000000000e-1	4,320000000000000e-1	3,134000000000000e-1	4,223000000000000e-1	9,520000000000000e-1	1,233900000000000e+0	4,865000000000000e-1	1,280900000000000e+0
5,190000000000000e+2	2,772000000000000e-1	4,106000000000000e-1	4,318000000000000e-1	3,133000000000000e-1	4,203000000000000e-1	9,469000000000000e-1	1,227800000000000e+0	4,824000000000000e-1	1,282700000000000e+0
5,200000000000000e+2	2,769000000000000e-1	4,103000000000000e-1	4,317000000000000e-1	3,133000000000000e-1	4,182000000000000e-1	9,421000000000000e-1	1,222500000000000e+0	4,785000000000000e-1	1,284300000000000e+0
5,210000000000000e+2	2,768000000000000e-1	4,101000000000000e-1	4,316000000000000e-1	3,130000000000000e-1	4,165000000000000e-1	9,373000000000000e-1	1,217300000000000e+0	4,746000000000000e-1	1,286500000000000e+0
5,220000000000000e+2	2,770000000000000e-1	4,097000000000000e-1	4,312000000000000e-1	3,128000000000000e-1	4,145000000000000e-1	9,328000000000000e-1	1,212000000000000e+0	4,704000000000000e-1	1,288600000000000e+0
5,230000000000000e+2	2,769000000000000e-1	4,094000000000000e-1	4,307000000000000e-1	3,126000000000000e-1	4,125000000000000e-1	9,280000000000000e-1	1,206600000000000e+0	4,662000000000000e-1	1,290400000000000e+0
5,240000000000000e+2	2,767000000000000e-1	4,091000000000000e-1	4,304000000000000e-1	3,124000000000000e-1	4,106000000000000e-1	9,233000000000000e-1	1,201800000000000e+0	4,623000000000000e-1	1,292200000000000e+0
5,250000000000000e+2	2,770000000000000e-1	4,090000000000000e-1	4,303000000000000e-1	3,124000000000000e-1	4,089000000000000e-1	9,195000000000000e-1	1,197600000000000e+0	4,590000000000000e-1	1,294500000000000e+0
5,260000000000000e+2	2,771000000000000e-1	4,090000000000000e-1	4,300000000000000e-1	3,122000000000000e-1	4,072000000000000e-1	9,157000000000000e-1	1,193100000000000e+0	4,557000000000000e-1	1,296700000000000e+0
5,270000000000000e+2	2,769000000000000e-1	4,087000000000000e-1	4,298000000000000e-1	3,120000000000000e-1	4,056000000000000e-1	9,114000000000000e-1	1,188600000000000e+0	4,525000000000000e-1	1,298800000000000e+0
5,280000000000000e+2	2,771000000000000e-1	4,086000000000000e-1	4,297000000000000e-1	3,121000000000000e-1	4,043000000000000e-1	9,078000000000000e-1	1,184700000000000e+0	4,495000000000000e-1	1,301000000000000e+0
5,290000000000000e+2	2,775000000000000e-1	4,085000000000000e-1	4,299000000000000e-1	3,122000000000000e-1	4,032000000000000e-1	9,043000000000000e-1	1,180600000000000e+0	4,468000000000000e-1	1,302500000000000e+0
5,300000000000000e+2	2,772000000000000e-1	4,081000000000000e-1	4,295000000000000e-1	3,117000000000000e-1	4,013000000000000e-1	9,004000000000000e-1	1,176600000000000e+0	4,436000000000000e-1	1,304000000000000e+0
5,310000000000000e+2	2,770000000000000e-1	4,077000000000000e-1	4,292000000000000e-1	3,116000000000000e-1	4,000000000000000e-1	8,972000000000000e-1	1,172800000000000e+0	4,408000000000000e-1	1,305400000000000e+0
5,320000000000000e+2	2,771000000000000e-1	4,077000000000000e-1	4,292000000000000e-1	3,116000000000000e-1	3,989000000000000e-1	8,942000000000000e-1	1,169200000000000e+0	4,386000000000000e-1	1,306700000000000e+0
5,330000000000000e+2	2,769000000000000e-1	4,074000000000000e-1	4,286000000000000e-1	3,115000000000000e-1	3,977000000000000e-1	8,908000000000000e-1	1,165900000000000e+0	4,362000000000000e-1	1,308700000000000e+0
5,340000000000000e+2	2,767000000000000e-1	4,075000000000000e-1	4,289000000000000e-1	3,115000000000000e-1	3,970000000000000e-1	8,879000000000000e-1	1,162700000000000e+0	4,341000000000000e-1	1,310400000000000e+0
5,350000000000000e+2	2,767000000000000e-1	4,071000000000000e-1	4,288000000000000e-1	3,114000000000000e-1	3,963000000000000e-1	8,852000000000000e-1	1,159600000000000e+0	4,322000000000000e-1	1,311700000000000e+0
5,360000000000000e+2	2,770000000000000e-1	4,069000000000000e-1	4,285000000000000e-1	3,108000000000000e-1	3,944000000000000e-1	8,827000000000000e-1	1,157600000000000e+0	4,298000000000000e-1	1,312000000000000e+0
5,370000000000000e+2	2,767000000000000e-1	4,060000000000000e-1	4,278000000000000e-1	3,094000000000000e-1	3,921000000000000e-1	8,795000000000000e-1	1,155100000000000e+0	4,265000000000000e-1	1,311900000000000e+0
5,380000000000000e+2	2,765000000000000e-1	4,059000000000000e-1	4,275000000000000e-1	3,089000000000000e-1	3,911000000000000e-1	8,772000000000000e-1	1,152100000000000e+0	4,248000000000000e-1	1,312900000000000e+0
5,390000000000000e+2	2,764000000000000e-1	4,058000000000000e-1	4,273000000000000e-1	3,087000000000000e-1	3,906000000000000e-1	8,748000000000000e-1	1,149800000000000e+0	4,234000000000000e-1	1,314200000000000e+0
5,400000000000000e+2	2,766000000000000e-1	4,057000000000000e-1	4,274000000000000e-1	3,087000000000000e-1	3,900000000000000e-1	8,726000000000000e-1	1,147600000000000e+0	4,221000000000000e-1	1,315200000000000e+0
5,410000000000000e+2	2,768000000000000e-1	4,055000000000000e-1	4,274000000000000e-1	3,085000000000000e-1	3,895000000000000e-1	8,704000000000000e-1	1,145200000000000e+0	4,208000000000000e-1	1,316400000000000e+0
5,420000000000000e+2	2,767000000000000e-1	4,054000000000000e-1	4,273000000000000e-1	3,084000000000000e-1	3,889000000000000e-1	8,683000000000000e-1	1,142700000000000e+0	4,194000000000000e-1	1,317400000000000e+0
5,430000000000000e+2	2,767000000000000e-1	4,054000000000000e-1	4,272000000000000e-1	3,084000000000000e-1	3,879000000000000e-1	8,664000000000000e-1	1,140800000000000e+0	4,182000000000000e-1	1,318100000000000e+0
5,440000000000000e+2	2,767000000000000e-1	4,055000000000000e-1	4,272000000000000e-1	3,086000000000000e-1	3,876000000000000e-1	8,645000000000000e-1	1,138700000000000e+0	4,176000000000000e-1	1,319200000000000e+0
5,450000000000000e+2	2,766000000000000e-1	4,051000000000000e-1	4,268000000000000e-1	3,082000000000000e-1	3,874000000000000e-1	8,626000000000000e-1	1,136600000000000e+0	4,165000000000000e-1	1,320100000000000e+0
5,460000000000000e+2	2,766000000000000e-1	4,052000000000000e-1	4,267000000000000e-1	3,080000000000000e-1	3,868000000000000e-1	8,609000000000000e-1	1,134800000000000e+0	4,154000000000000e-1	1,320400000000000e+0
5,470000000000000e+2	2,767000000000000e-1	4,052000000000000e-1	4,268000000000000e-1	3,082000000000000e-1	3,867000000000000e-1	8,598000000000000e-1	1,133000000000000e+0	4,147000000000000e-1	1,321400000000000e+0
5,480000000000000e+2	2,764000000000000e-1	4,048000000000000e-1	4,264000000000000e-1	3,077000000000000e-1	3,862000000000000e-1	8,579000000000000e-1	1,131000000000000e+0	4,137000000000000e-1	1,321700000000000e+0
5,490000000000000e+2	2,769000000000000e-1	4,048000000000000e-1	4,264000000000000e-1	3,078000000000000e-1	3,860000000000000e-1	8,564000000000000e-1	1,129500000000000e+0	4,128000000000000e-1	1,322300000000000e+0
5,500000000000000e+2	2,769000000000000e-1	4,049000000000000e-1	4,264000000000000e-1	3,078000000000000e-1	3,856000000000000e-1	8,552000000000000e-1	1,127900000000000e+0	4,121000000000000e-1	1,322500000000000e+0
5,510000000000000e+2	2,768000000000000e-1	4,050000000000000e-1	4,266000000000000e-1	3,080000000000000e-1	3,854000000000000e-1	8,541000000000000e-1	1,126500000000000e+0	4,117000000000000e-1	1,323000000000000e+0
5,520000000000000e+2	2,766000000000000e-1	4,047000000000000e-1	4,262000000000000e-1	3,077000000000000e-1	3,850000000000000e-1	8,524000000000000e-1	1,124800000000000e+0	4,110000000000000e-1	1,322800000000000e+0
5,530000000000000e+2	2,769000000000000e-1	4,048000000000000e-1	4,263000000000000e-1	3,078000000000000e-1	3,849000000000000e-1	8,512000000000000e-1	1,123400000000000e+0	4,107000000000000e-1	1,323000000000000e+0
5,540000000000000e+2	2,765000000000000e-1	4,044000000000000e-1	4,262000000000000e-1	3,074000000000000e-1	3,845000000000000e-1	8,500000000000000e-1	1,122300000000000e+0	4,098000000000000e-1	1,322800000000000e+0
5,550000000000000e+2	2,764000000000000e-1	4,044000000000000e-1	4,261000000000000e-1	3,075000000000000e-1	3,842000000000000e-1	8,490000000000000e-1	1,121000000000000e+0	4,091000000000000e-1	1,322700000000000e+0
5,560000000000000e+2	2,765000000000000e-1	4,045000000000000e-1	4,261000000000000e-1	3,075000000000000e-1	3,840000000000000e-1	8,480000000000000e-1	1,119700000000000e+0	4,088000000000000e-1	1,322400000000000e+0
5,570000000000000e+2	2,764000000000000e-1	4,044000000000000e-1	4,261000000000000e-1	3,072000000000000e-1	3,837000000000000e-1	8,465000000000000e-1	1,118800000000000e+0	4,084000000000000e-1	1,322400000000000e+0
5,580000000000000e+2	2,762000000000000e-1	4,043000000000000e-1	4,260000000000000e-1	3,074000000000000e-1	3,836000000000000e-1	8,454000000000000e-1	1,117800000000000e+0	4,079000000000000e-1	1,321900000000000e+0
5,590000000000000e+2	2,762000000000000e-1	4,044000000000000e-1	4,261000000000000e-1	3,073000000000000e-1	3,835000000000000e-1	8,446000000000000e-1	1,116900000000000e+0	4,075000000000000e-1	1,321600000000000e+0
5,600000000000000e+2	2,762000000000000e-1	4,043000000000000e-1	4,257000000000000e-1	3,073000000000000e-1	3,832000000000000e-1	8,438000000000000e-1	1,115900000000000e+0	4,071000000000000e-1	1,321400000000000e+0
5,610000000000000e+2	2,762000000000000e-1	4,043000000000000e-1	4,258000000000000e-1	3,071000000000000e-1	3,830000000000000e-1	8,430000000000000e-1	1,115100000000000e+0	4,068000000000000e-1	1,320700000000000e+0
5,620000000000000e+2	2,761000000000000e-1	4,043000000000000e-1	4,258000000000000e-1	3,070000000000000e-1	3,829000000000000e-1	8,421000000000000e-1	1,113900000000000e+0	4,066000000000000e-1	1,320100000000000e+0
5,630000000000000e+2	2,763000000000000e-1	4,042000000000000e-1	4,258000000000000e-1	3,069000000000000e-1	3,828000000000000e-1	8,412000000000000e-1	1,112800000000000e+0	4,061000000000000e-1	1,319500000000000e+0
5,640000000000000e+2	2,762000000000000e-1	4,040000000000000e-1	4,258000000000000e-1	3,067000000000000e-1	3,826000000000000e-1	8,403000000000000e-1	1,111500000000000e+0	4,057000000000000e-1	1,318600000000000e+0
5,650000000000000e+2	2,764000000000000e-1	4,040000000000000e-1	4,258000000000000e-1	3,069000000000000e-1	3,826000000000000e-1	8,395000000000000e-1	1,110500000000000e+0	4,055000000000000e-1	1,317700000000000e+0
5,660000000000000e+2	2,765000000000000e-1	4,039000000000000e-1	4,256000000000000e-1	3,068000000000000e-1	3,823000000000000e-1	8,386000000000000e-1	1,109500000000000e+0	4,051000000000000e-1	1,316400000000000e+0
5,670000000000000e+2	2,763000000000000e-1	4,037000000000000e-1	4,256000000000000e-1	3,066000000000000e-1	3,820000000000000e-1	8,376000000000000e-1	1,108700000000000e+0	4,048000000000000e-1	1,315300000000000e+0
5,680000000000000e+2	2,760000000000000e-1	4,037000000000000e-1	4,253000000000000e-1	3,061000000000000e-1	3,819000000000000e-1	8,370000000000000e-1	1,107800000000000e+0	4,045000000000000e-1	1,314200000000000e+0
5,690000000000000e+2	2,761000000000000e-1	4,038000000000000e-1	4,257000000000000e-1	3,062000000000000e-1	3,819000000000000e-1	8,365000000000000e-1	1,107100000000000e+0	4,043000000000000e-1	1,312900000000000e+0
5,700000000000000e+2	2,761000000000000e-1	4,037000000000000e-1	4,258000000000000e-1	3,061000000000000e-1	3,817000000000000e-1	8,356000000000000e-1	1,106200000000000e+0	4,039000000000000e-1	1,311700000000000e+0
5,710000000000000e+2	2,764000000000000e-1	4,038000000000000e-1	4,257000000000000e-1	3,063000000000000e-1	3,816000000000000e-1	8,347000000000000e-1	1,105500000000000e+0	4,039000000000000e-1	1,310000000000000e+0
5,720000000000000e+2	2,764000000000000e-1	4,037000000000000e-1	4,255000000000000e-1	3,060000000000000e-1	3,813000000000000e-1	8,339000000000000e-1	1,104800000000000e+0	4,034000000000000e-1	1,308500000000000e+0
5,730000000000000e+2	2,760000000000000e-1	4,035000000000000e-1	4,256000000000000e-1	3,058000000000000e-1	3,811000000000000e-1	8,332000000000000e-1	1,104200000000000e+0	4,029000000000000e-1	1,306600000000000e+0
5,740000000000000e+2	2,759000000000000e-1	4,034000000000000e-1	4,255000000000000e-1	3,059000000000000e-1	3,809000000000000e-1	8,327000000000000e-1	1,103400000000000e+0	4,026000000000000e-1	1,305000000000000e+0
5,750000000000000e+2	2,757000000000000e-1	4,033000000000000e-1	4,251000000000000e-1	3,055000000000000e-1	3,806000000000000e-1	8,319000000000000e-1	1,102200000000000e+0	4,023000000000000e-1	1,302900000000000e+0
5,760000000000000e+2	2,760000000000000e-1	4,034000000000000e-1	4,250000000000000e-1	3,057000000000000e-1	3,806000000000000e-1	8,316000000000000e-1	1,102000000000000e+0	4,021000000000000e-1	1,301000000000000e+0
5,770000000000000e+2	2,761000000000000e-1	4,033000000000000e-1	4,252000000000000e-1	3,058000000000000e-1	3,805000000000000e-1	8,308000000000000e-1	1,101400000000000e+0	4,018000000000000e-1	1,299000000000000e+0
5,780000000000000e+2	2,760000000000000e-1	4,032000000000000e-1	4,252000000000000e-1	3,059000000000000e-1	3,802000000000000e-1	8,300000000000000e-1	1,100800000000000e+0	4,015000000000000e-1	1,296900000000000e+0
5,790000000000000e+2	2,761000000000000e-1	4,033000000000000e-1	4,250000000000000e-1	3,056000000000000e-1	3,799000000000000e-1	8,295000000000000e-1	1,100300000000000e+0	4,013000000000000e-1	1,294800000000000e+0
5,800000000000000e+2	2,761000000000000e-1	4,031000000000000e-1	4,249000000000000e-1	3,057000000000000e-1	3,796000000000000e-1	8,288000000000000e-1	1,099500000000000e+0	4,008000000000000e-1	1,292500000000000e+0
5,810000000000000e+2	2,759000000000000e-1	4,031000000000000e-1	4,250000000000000e-1	3,057000000000000e-1	3,793000000000000e-1	8,281000000000000e-1	1,098800000000000e+0	4,005000000000000e-1	1,290300000000000e+0
5,820000000000000e+2	2,760000000000000e-1	4,029000000000000e-1	4,249000000000000e-1	3,054000000000000e-1	3,793000000000000e-1	8,275000000000000e-1	1,098000000000000e+0	4,001000000000000e-1	1,287800000000000e+0
5,830000000000000e+2	2,763000000000000e-1	4,030000000000000e-1	4,248000000000000e-1	3,053000000000000e-1	3,793000000000000e-1	8,271000000000000e-1	1,097600000000000e+0	3,998000000000000e-1	1,285300000000000e+0
5,840000000000000e+2	2,761000000000000e-1	4,029000000000000e-1	4,247000000000000e-1	3,053000000000000e-1	3,788000000000000e-1	8,262000000000000e-1	1,096800000000000e+0	3,995000000000000e-1	1,282700000000000e+0
5,850000000000000e+2	2,762000000000000e-1	4,027000000000000e-1	4,247000000000000e-1	3,055000000000000e-1	3,786000000000000e-1	8,257000000000000e-1	1,096200000000000e+0	3,994000000000000e-1	1,280200000000000e+0
5,860000000000000e+2	2,763000000000000e-1	4,028000000000000e-1	4,245000000000000e-1	3,054000000000000e-1	3,787000000000000e-1	8,253000000000000e-1	1,095500000000000e+0	3,991000000000000e-1	1,277800000000000e+0
5,870000000000000e+2	2,765000000000000e-1	4,031000000000000e-1	4,246000000000000e-1	3,054000000000000e-1	3,787000000000000e-1	8,248000000000000e-1	1,094900000000000e+0	3,989000000000000e-1	1,275400000000000e+0
5,880000000000000e+2	2,763000000000000e-1	4,030000000000000e-1	4,247000000000000e-1	3,051000000000000e-1	3,785000000000000e-1	8,241000000000000e-1	1,094500000000000e+0	3,986000000000000e-1	1,272900000000000e+0
5,890000000000000e+2	2,760000000000000e-1	4,027000000000000e-1	4,245000000000000e-1	3,050000000000000e-1	3,782000000000000e-1	8,234000000000000e-1	1,093600000000000e+0	3,982000000000000e-1	1,269900000000000e+0
5,900000000000000e+2	2,760000000000000e-1	4,025000000000000e-1	4,243000000000000e-1	3,049000000000000e-1	3,776000000000000e-1	8,226000000000000e-1	1,092800000000000e+0	3,977000000000000e-1	1,266700000000000e+0
5,910000000000000e+2	2,762000000000000e-1	4,026000000000000e-1	4,243000000000000e-1	3,049000000000000e-1	3,776000000000000e-1	8,223000000000000e-1	1,092000000000000e+0	3,976000000000000e-1	1,264200000000000e+0
5,920000000000000e+2	2,763000000000000e-1	4,026000000000000e-1	4,241000000000000e-1	3,047000000000000e-1	3,775000000000000e-1	8,217000000000000e-1	1,091300000000000e+0	3,975000000000000e-1	1,261800000000000e+0
5,930000000000000e+2	2,765000000000000e-1	4,026000000000000e-1	4,243000000000000e-1	3,050000000000000e-1	3,774000000000000e-1	8,212000000000000e-1	1,090900000000000e+0	3,976000000000000e-1	1,259100000000000e+0
5,940000000000000e+2	2,764000000000000e-1	4,024000000000000e-1	4,241000000000000e-1	3,047000000000000e-1	3,772000000000000e-1	8,204000000000000e-1	1,090100000000000e+0	3,971000000000000e-1	1,256000000000000e+0
5,950000000000000e+2	2,759000000000000e-1	4,023000000000000e-1	4,239000000000000e-1	3,045000000000000e-1	3,768000000000000e-1	8,196000000000000e-1	1,089300000000000e+0	3,966000000000000e-1	1,253200000000000e+0
5,960000000000000e+2	2,758000000000000e-1	4,022000000000000e-1	4,239000000000000e-1	3,045000000000000e-1	3,768000000000000e-1	8,187000000000000e-1	1,088500000000000e+0	3,962000000000000e-1	1,250500000000000e+0
5,970000000000000e+2	2,758000000000000e-1	4,021000000000000e-1	4,239000000000000e-1	3,044000000000000e-1	3,767000000000000e-1	8,180000000000000e-1	1,087900000000000e+0	3,957000000000000e-1	1,247300000000000e+0
5,980000000000000e+2	2,760000000000000e-1	4,020000000000000e-1	4,241000000000000e-1	3,043000000000000e-1	3,765000000000000e-1	8,175000000000000e-1	1,087300000000000e+0	3,956000000000000e-1	1,244600000000000e+0
5,990000000000000e+2	2,758000000000000e-1	4,019000000000000e-1	4,238000000000000e-1	3,041000000000000e-1	3,762000000000000e-1	8,168000000000000e-1	1,086500000000000e+0	3,953000000000000e-1	1,241600000000000e+0
6,000000000000000e+2	2,761000000000000e-1	4,020000000000000e-1	4,241000000000000e-1	3,042000000000000e-1	3,762000000000000e-1	8,162000000000000e-1	1,086200000000000e+0	3,951000000000000e-1	1,239000000000000e+0
6,010000000000000e+2	2,761000000000000e-1	4,019000000000000e-1	4,237000000000000e-1	3,042000000000000e-1	3,761000000000000e-1	8,155000000000000e-1	1,085100000000000e+0	3,950000000000000e-1	1,236100000000000e+0
6,020000000000000e+2	2,760000000000000e-1	4,018000000000000e-1	4,235000000000000e-1	3,042000000000000e-1	3,757000000000000e-1	8,146000000000000e-1	1,084200000000000e+0	3,948000000000000e-1	1,233200000000000e+0
6,030000000000000e+2	2,760000000000000e-1	4,018000000000000e-1	4,236000000000000e-1	3,043000000000000e-1	3,757000000000000e-1	8,139000000000000e-1	1,083600000000000e+0	3,945000000000000e-1	1,230700000000000e+0
6,040000000000000e+2	2,759000000000000e-1	4,017000000000000e-1	4,236000000000000e-1	3,042000000000000e-1	3,757000000000000e-1	8,135000000000000e-1	1,083000000000000e+0	3,942000000000000e-1	1,228000000000000e+0
6,050000000000000e+2	2,756000000000000e-1	4,016000000000000e-1	4,235000000000000e-1	3,039000000000000e-1	3,755000000000000e-1	8,128000000000000e-1	1,082400000000000e+0	3,939000000000000e-1	1,225300000000000e+0
6,060000000000000e+2	2,759000000000000e-1	4,015000000000000e-1	4,234000000000000e-1	3,037000000000000e-1	3,752000000000000e-1	8,120000000000000e-1	1,081300000000000e+0	3,936000000000000e-1	1,222400000000000e+0
6,070000000000000e+2	2,758000000000000e-1	4,013000000000000e-1	4,231000000000000e-1	3,036000000000000e-1	3,748000000000000e-1	8,112000000000000e-1	1,080200000000000e+0	3,933000000000000e-1	1,219600000000000e+0
6,080000000000000e+2	2,756000000000000e-1	4,013000000000000e-1	4,232000000000000e-1	3,036000000000000e-1	3,747000000000000e-1	8,104000000000000e-1	1,079700000000000e+0	3,933000000000000e-1	1,217200000000000e+0
6,090000000000000e+2	2,759000000000000e-1	4,015000000000000e-1	4,231000000000000e-1	3,038000000000000e-1	3,749000000000000e-1	8,098000000000000e-1	1,079500000000000e+0	3,933000000000000e-1	1,215100000000000e+0
6,100000000000000e+2	2,760000000000000e-1	4,014000000000000e-1	4,231000000000000e-1	3,040000000000000e-1	3,749000000000000e-1	8,090000000000000e-1	1,078300000000000e+0	3,932000000000000e-1	1,212600000000000e+0
6,110000000000000e+2	2,759000000000000e-1	4,015000000000000e-1	4,234000000000000e-1	3,042000000000000e-1	3,750000000000000e-1	8,085000000000000e-1	1,077500000000000e+0	3,931000000000000e-1	1,210400000000000e+0
6,120000000000000e+2	2,759000000000000e-1	4,014000000000000e-1	4,233000000000000e-1	3,041000000000000e-1	3,747000000000000e-1	8,077000000000000e-1	1,076700000000000e+0	3,929000000000000e-1	1,207700000000000e+0
6,130000000000000e+2	2,758000000000000e-1	4,010000000000000e-1	4,228000000000000e-1	3,040000000000000e-1	3,744000000000000e-1	8,071000000000000e-1	1,076100000000000e+0	3,926000000000000e-1	1,205000000000000e+0
6,140000000000000e+2	2,758000000000000e-1	4,009000000000000e-1	4,229000000000000e-1	3,038000000000000e-1	3,744000000000000e-1	8,061000000000000e-1	1,075500000000000e+0	3,926000000000000e-1	1,202400000000000e+0
6,150000000000000e+2	2,758000000000000e-1	4,009000000000000e-1	4,228000000000000e-1	3,038000000000000e-1	3,740000000000000e-1	8,055000000000000e-1	1,074600000000000e+0	3,923000000000000e-1	1,200000000000000e+0
6,160000000000000e+2	2,757000000000000e-1	4,007000000000000e-1	4,227000000000000e-1	3,039000000000000e-1	3,740000000000000e-1	8,049000000000000e-1	1,073600000000000e+0	3,918000000000000e-1	1,197500000000000e+0
6,170000000000000e+2	2,759000000000000e-1	4,007000000000000e-1	4,227000000000000e-1	3,038000000000000e-1	3,741000000000000e-1	8,041000000000000e-1	1,072900000000000e+0	3,916000000000000e-1	1,195200000000000e+0
6,180000000000000e+2	2,758000000000000e-1	4,005000000000000e-1	4,224000000000000e-1	3,036000000000000e-1	3,739000000000000e-1	8,033000000000000e-1	1,072300000000000e+0	3,912000000000000e-1	1,192900000000000e+0
6,190000000000000e+2	2,762000000000000e-1	4,006000000000000e-1	4,227000000000000e-1	3,040000000000000e-1	3,741000000000000e-1	8,030000000000000e-1	1,072000000000000e+0	3,915000000000000e-1	1,191000000000000e+0
6,200000000000000e+2	2,757000000000000e-1	4,000000000000000e-1	4,223000000000000e-1	3,036000000000000e-1	3,735000000000000e-1	8,020000000000000e-1	1,071000000000000e+0	3,909000000000000e-1	1,188500000000000e+0
6,210000000000000e+2	2,757000000000000e-1	4,002000000000000e-1	4,223000000000000e-1	3,037000000000000e-1	3,736000000000000e-1	8,016000000000000e-1	1,070200000000000e+0	3,911000000000000e-1	1,186500000000000e+0
6,220000000000000e+2	2,757000000000000e-1	4,002000000000000e-1	4,223000000000000e-1	3,036000000000000e-1	3,737000000000000e-1	8,011000000000000e-1	1,069600000000000e+0	3,913000000000000e-1	1,184700000000000e+0
6,230000000000000e+2	2,757000000000000e-1	4,001000000000000e-1	4,220000000000000e-1	3,035000000000000e-1	3,735000000000000e-1	8,002000000000000e-1	1,068800000000000e+0	3,910000000000000e-1	1,182500000000000e+0
6,240000000000000e+2	2,759000000000000e-1	3,998000000000000e-1	4,219000000000000e-1	3,035000000000000e-1	3,736000000000000e-1	7,997000000000000e-1	1,068400000000000e+0	3,908000000000000e-1	1,180400000000000e+0
6,250000000000000e+2	2,757000000000000e-1	3,996000000000000e-1	4,216000000000000e-1	3,033000000000000e-1	3,732000000000000e-1	7,992000000000000e-1	1,067900000000000e+0	3,904000000000000e-1	1,178300000000000e+0
6,260000000000000e+2	2,755000000000000e-1	3,995000000000000e-1	4,216000000000000e-1	3,033000000000000e-1	3,729000000000000e-1	7,983000000000000e-1	1,067400000000000e+0	3,902000000000000e-1	1,176500000000000e+0
6,270000000000000e+2	2,756000000000000e-1	3,993000000000000e-1	4,212000000000000e-1	3,032000000000000e-1	3,729000000000000e-1	7,977000000000000e-1	1,066800000000000e+0	3,900000000000000e-1	1,174600000000000e+0
6,280000000000000e+2	2,757000000000000e-1	3,990000000000000e-1	4,211000000000000e-1	3,032000000000000e-1	3,728000000000000e-1	7,973000000000000e-1	1,066100000000000e+0	3,899000000000000e-1	1,172900000000000e+0
6,290000000000000e+2	2,757000000000000e-1	3,989000000000000e-1	4,209000000000000e-1	3,032000000000000e-1	3,729000000000000e-1	7,970000000000000e-1	1,065800000000000e+0	3,898000000000000e-1	1,171300000000000e+0
6,300000000000000e+2	2,757000000000000e-1	3,988000000000000e-1	4,209000000000000e-1	3,033000000000000e-1	3,730000000000000e-1	7,967000000000000e-1	1,065700000000000e+0	3,899000000000000e-1	1,169400000000000e+0
6,310000000000000e+2	2,755000000000000e-1	3,988000000000000e-1	4,207000000000000e-1	3,033000000000000e-1	3,728000000000000e-1	7,965000000000000e-1	1,065300000000000e+0	3,896000000000000e-1	1,167900000000000e+0
6,320000000000000e+2	2,755000000000000e-1	3,986000000000000e-1	4,206000000000000e-1	3,032000000000000e-1	3,727000000000000e-1	7,961000000000000e-1	1,065000000000000e+0	3,896000000000000e-1	1,166400000000000e+0
6,330000000000000e+2	2,755000000000000e-1	3,984000000000000e-1	4,206000000000000e-1	3,031000000000000e-1	3,727000000000000e-1	7,958000000000000e-1	1,064600000000000e+0	3,896000000000000e-1	1,164800000000000e+0
6,340000000000000e+2	2,758000000000000e-1	3,984000000000000e-1	4,207000000000000e-1	3,034000000000000e-1	3,730000000000000e-1	7,957000000000000e-1	1,064500000000000e+0	3,898000000000000e-1	1,163700000000000e+0
6,350000000000000e+2	2,758000000000000e-1	3,987000000000000e-1	4,210000000000000e-1	3,039000000000000e-1	3,734000000000000e-1	7,959000000000000e-1	1,065000000000000e+0	3,901000000000000e-1	1,162500000000000e+0
6,360000000000000e+2	2,754000000000000e-1	3,989000000000000e-1	4,212000000000000e-1	3,041000000000000e-1	3,736000000000000e-1	7,963000000000000e-1	1,065700000000000e+0	3,903000000000000e-1	1,161300000000000e+0
6,370000000000000e+2	2,749000000000000e-1	3,986000000000000e-1	4,210000000000000e-1	3,042000000000000e-1	3,736000000000000e-1	7,963000000000000e-1	1,066300000000000e+0	3,903000000000000e-1	1,159800000000000e+0
6,380000000000000e+2	2,746000000000000e-1	3,982000000000000e-1	4,209000000000000e-1	3,042000000000000e-1	3,733000000000000e-1	7,962000000000000e-1	1,066600000000000e+0	3,901000000000000e-1	1,158200000000000e+0
6,390000000000000e+2	2,746000000000000e-1	3,980000000000000e-1	4,206000000000000e-1	3,039000000000000e-1	3,731000000000000e-1	7,963000000000000e-1	1,066800000000000e+0	3,901000000000000e-1	1,157000000000000e+0
6,400000000000000e+2	2,744000000000000e-1	3,978000000000000e-1	4,204000000000000e-1	3,038000000000000e-1	3,728000000000000e-1	7,963000000000000e-1	1,066700000000000e+0	3,898000000000000e-1	1,155800000000000e+0
6,410000000000000e+2	2,745000000000000e-1	3,975000000000000e-1	4,202000000000000e-1	3,039000000000000e-1	3,728000000000000e-1	7,963000000000000e-1	1,067000000000000e+0	3,896000000000000e-1	1,154500000000000e+0
6,420000000000000e+2	2,743000000000000e-1	3,972000000000000e-1	4,200000000000000e-1	3,037000000000000e-1	3,727000000000000e-1	7,963000000000000e-1	1,066900000000000e+0	3,894000000000000e-1	1,153300000000000e+0
6,430000000000000e+2	2,746000000000000e-1	3,969000000000000e-1	4,198000000000000e-1	3,036000000000000e-1	3,726000000000000e-1	7,964000000000000e-1	1,067000000000000e+0	3,892000000000000e-1	1,152100000000000e+0
6,440000000000000e+2	2,746000000000000e-1	3,964000000000000e-1	4,194000000000000e-1	3,034000000000000e-1	3,725000000000000e-1	7,962000000000000e-1	1,066800000000000e+0	3,890000000000000e-1	1,150900000000000e+0
6,450000000000000e+2	2,747000000000000e-1	3,960000000000000e-1	4,190000000000000e-1	3,029000000000000e-1	3,719000000000000e-1	7,961000000000000e-1	1,066600000000000e+0	3,888000000000000e-1	1,149400000000000e+0
6,460000000000000e+2	2,748000000000000e-1	3,959000000000000e-1	4,187000000000000e-1	3,031000000000000e-1	3,720000000000000e-1	7,963000000000000e-1	1,067000000000000e+0	3,891000000000000e-1	1,148500000000000e+0
6,470000000000000e+2	2,748000000000000e-1	3,957000000000000e-1	4,183000000000000e-1	3,029000000000000e-1	3,719000000000000e-1	7,964000000000000e-1	1,067000000000000e+0	3,891000000000000e-1	1,147600000000000e+0
6,480000000000000e+2	2,747000000000000e-1	3,954000000000000e-1	4,179000000000000e-1	3,026000000000000e-1	3,718000000000000e-1	7,962000000000000e-1	1,066700000000000e+0	3,886000000000000e-1	1,146400000000000e+0
6,490000000000000e+2	2,752000000000000e-1	3,954000000000000e-1	4,179000000000000e-1	3,027000000000000e-1	3,719000000000000e-1	7,964000000000000e-1	1,067300000000000e+0	3,889000000000000e-1	1,145700000000000e+0
6,500000000000000e+2	2,752000000000000e-1	3,950000000000000e-1	4,173000000000000e-1	3,026000000000000e-1	3,716000000000000e-1	7,965000000000000e-1	1,067300000000000e+0	3,885000000000000e-1	1,144500000000000e+0
6,510000000000000e+2	2,752000000000000e-1	3,946000000000000e-1	4,169000000000000e-1	3,023000000000000e-1	3,714000000000000e-1	7,965000000000000e-1	1,066800000000000e+0	3,882000000000000e-1	1,143300000000000e+0
6,520000000000000e+2	2,751000000000000e-1	3,941000000000000e-1	4,165000000000000e-1	3,020000000000000e-1	3,710000000000000e-1	7,963000000000000e-1	1,066800000000000e+0	3,879000000000000e-1	1,142100000000000e+0
6,530000000000000e+2	2,751000000000000e-1	3,940000000000000e-1	4,163000000000000e-1	3,021000000000000e-1	3,709000000000000e-1	7,966000000000000e-1	1,067400000000000e+0	3,880000000000000e-1	1,141200000000000e+0
6,540000000000000e+2	2,752000000000000e-1	3,938000000000000e-1	4,160000000000000e-1	3,022000000000000e-1	3,709000000000000e-1	7,970000000000000e-1	1,067600000000000e+0	3,880000000000000e-1	1,140500000000000e+0
6,550000000000000e+2	2,751000000000000e-1	3,936000000000000e-1	4,156000000000000e-1	3,023000000000000e-1	3,710000000000000e-1	7,972000000000000e-1	1,067500000000000e+0	3,880000000000000e-1	1,139700000000000e+0
6,560000000000000e+2	2,752000000000000e-1	3,932000000000000e-1	4,154000000000000e-1	3,023000000000000e-1	3,710000000000000e-1	7,973000000000000e-1	1,067600000000000e+0	3,879000000000000e-1	1,138800000000000e+0
6,570000000000000e+2	2,753000000000000e-1	3,929000000000000e-1	4,150000000000000e-1	3,021000000000000e-1	3,709000000000000e-1	7,975000000000000e-1	1,067600000000000e+0	3,878000000000000e-1	1,137700000000000e+0
6,580000000000000e+2	2,755000000000000e-1	3,927000000000000e-1	4,148000000000000e-1	3,019000000000000e-1	3,708000000000000e-1	7,979000000000000e-1	1,068000000000000e+0	3,878000000000000e-1	1,137000000000000e+0
6,590000000000000e+2	2,754000000000000e-1	3,922000000000000e-1	4,142000000000000e-1	3,018000000000000e-1	3,705000000000000e-1	7,981000000000000e-1	1,068500000000000e+0	3,875000000000000e-1	1,136000000000000e+0
6,600000000000000e+2	2,754000000000000e-1	3,917000000000000e-1	4,136000000000000e-1	3,015000000000000e-1	3,701000000000000e-1	7,982000000000000e-1	1,068400000000000e+0	3,871000000000000e-1	1,134800000000000e+0
6,610000000000000e+2	2,752000000000000e-1	3,916000000000000e-1	4,136000000000000e-1	3,015000000000000e-1	3,701000000000000e-1	7,987000000000000e-1	1,068900000000000e+0	3,872000000000000e-1	1,134200000000000e+0
6,620000000000000e+2	2,753000000000000e-1	3,914000000000000e-1	4,134000000000000e-1	3,016000000000000e-1	3,702000000000000e-1	7,991000000000000e-1	1,069500000000000e+0	3,872000000000000e-1	1,133400000000000e+0
6,630000000000000e+2	2,755000000000000e-1	3,910000000000000e-1	4,129000000000000e-1	3,018000000000000e-1	3,702000000000000e-1	7,994000000000000e-1	1,069600000000000e+0	3,871000000000000e-1	1,132500000000000e+0
6,640000000000000e+2	2,756000000000000e-1	3,907000000000000e-1	4,125000000000000e-1	3,013000000000000e-1	3,699000000000000e-1	7,999000000000000e-1	1,069900000000000e+0	3,871000000000000e-1	1,131700000000000e+0
6,650000000000000e+2	2,755000000000000e-1	3,904000000000000e-1	4,121000000000000e-1	3,012000000000000e-1	3,699000000000000e-1	8,003000000000000e-1	1,070500000000000e+0	3,870000000000000e-1	1,130900000000000e+0
6,660000000000000e+2	2,753000000000000e-1	3,899000000000000e-1	4,119000000000000e-1	3,010000000000000e-1	3,696000000000000e-1	8,004000000000000e-1	1,070900000000000e+0	3,868000000000000e-1	1,130000000000000e+0
6,670000000000000e+2	2,755000000000000e-1	3,896000000000000e-1	4,116000000000000e-1	3,009000000000000e-1	3,697000000000000e-1	8,009000000000000e-1	1,071400000000000e+0	3,869000000000000e-1	1,129200000000000e+0
6,680000000000000e+2	2,755000000000000e-1	3,896000000000000e-1	4,114000000000000e-1	3,010000000000000e-1	3,697000000000000e-1	8,015000000000000e-1	1,071900000000000e+0	3,870000000000000e-1	1,128700000000000e+0
6,690000000000000e+2	2,755000000000000e-1	3,893000000000000e-1	4,115000000000000e-1	3,010000000000000e-1	3,697000000000000e-1	8,019000000000000e-1	1,072800000000000e+0	3,869000000000000e-1	1,127900000000000e+0
6,700000000000000e+2	2,755000000000000e-1	3,891000000000000e-1	4,110000000000000e-1	3,010000000000000e-1	3,697000000000000e-1	8,027000000000000e-1	1,073300000000000e+0	3,869000000000000e-1	1,127100000000000e+0
6,710000000000000e+2	2,755000000000000e-1	3,889000000000000e-1	4,108000000000000e-1	3,011000000000000e-1	3,696000000000000e-1	8,034000000000000e-1	1,074100000000000e+0	3,869000000000000e-1	1,126600000000000e+0
6,720000000000000e+2	2,757000000000000e-1	3,884000000000000e-1	4,103000000000000e-1	3,010000000000000e-1	3,695000000000000e-1	8,038000000000000e-1	1,074900000000000e+0	3,868000000000000e-1	1,125900000000000e+0
6,730000000000000e+2	2,756000000000000e-1	3,879000000000000e-1	4,098000000000000e-1	3,009000000000000e-1	3,694000000000000e-1	8,039000000000000e-1	1,075400000000000e+0	3,868000000000000e-1	1,125100000000000e+0
6,740000000000000e+2	2,754000000000000e-1	3,875000000000000e-1	4,096000000000000e-1	3,008000000000000e-1	3,692000000000000e-1	8,041000000000000e-1	1,075700000000000e+0	3,865000000000000e-1	1,124300000000000e+0
6,750000000000000e+2	2,753000000000000e-1	3,872000000000000e-1	4,094000000000000e-1	3,008000000000000e-1	3,688000000000000e-1	8,046000000000000e-1	1,075600000000000e+0	3,864000000000000e-1	1,123700000000000e+0
6,760000000000000e+2	2,754000000000000e-1	3,867000000000000e-1	4,088000000000000e-1	3,007000000000000e-1	3,687000000000000e-1	8,051000000000000e-1	1,076200000000000e+0	3,863000000000000e-1	1,122800000000000e+0
6,770000000000000e+2	2,754000000000000e-1	3,866000000000000e-1	4,084000000000000e-1	3,008000000000000e-1	3,687000000000000e-1	8,056000000000000e-1	1,076900000000000e+0	3,862000000000000e-1	1,122100000000000e+0
6,780000000000000e+2	2,758000000000000e-1	3,866000000000000e-1	4,084000000000000e-1	3,008000000000000e-1	3,690000000000000e-1	8,065000000000000e-1	1,077500000000000e+0	3,863000000000000e-1	1,121600000000000e+0
6,790000000000000e+2	2,757000000000000e-1	3,863000000000000e-1	4,083000000000000e-1	3,006000000000000e-1	3,689000000000000e-1	8,072000000000000e-1	1,078200000000000e+0	3,864000000000000e-1	1,121100000000000e+0
6,800000000000000e+2	2,756000000000000e-1	3,858000000000000e-1	4,079000000000000e-1	3,003000000000000e-1	3,687000000000000e-1	8,078000000000000e-1	1,078900000000000e+0	3,863000000000000e-1	1,120400000000000e+0
6,810000000000000e+2	2,757000000000000e-1	3,856000000000000e-1	4,075000000000000e-1	3,001000000000000e-1	3,687000000000000e-1	8,083000000000000e-1	1,079400000000000e+0	3,861000000000000e-1	1,119800000000000e+0
6,820000000000000e+2	2,756000000000000e-1	3,853000000000000e-1	4,070000000000000e-1	3,000000000000000e-1	3,684000000000000e-1	8,088000000000000e-1	1,080000000000000e+0	3,860000000000000e-1	1,119200000000000e+0
6,830000000000000e+2	2,756000000000000e-1	3,849000000000000e-1	4,066000000000000e-1	2,999000000000000e-1	3,681000000000000e-1	8,092000000000000e-1	1,080700000000000e+0	3,859000000000000e-1	1,118500000000000e+0
6,840000000000000e+2	2,755000000000000e-1	3,846000000000000e-1	4,063000000000000e-1	2,999000000000000e-1	3,680000000000000e-1	8,097000000000000e-1	1,081500000000000e+0	3,859000000000000e-1	1,118000000000000e+0
6,850000000000000e+2	2,755000000000000e-1	3,846000000000000e-1	4,062000000000000e-1	3,000000000000000e-1	3,682000000000000e-1	8,105000000000000e-1	1,082700000000000e+0	3,858000000000000e-1	1,117500000000000e+0
6,860000000000000e+2	2,758000000000000e-1	3,844000000000000e-1	4,064000000000000e-1	3,001000000000000e-1	3,683000000000000e-1	8,113000000000000e-1	1,083500000000000e+0	3,860000000000000e-1	1,117200000000000e+0
6,870000000000000e+2	2,756000000000000e-1	3,840000000000000e-1	4,060000000000000e-1	3,000000000000000e-1	3,681000000000000e-1	8,119000000000000e-1	1,083900000000000e+0	3,859000000000000e-1	1,116400000000000e+0
6,880000000000000e+2	2,755000000000000e-1	3,836000000000000e-1	4,054000000000000e-1	3,000000000000000e-1	3,679000000000000e-1	8,123000000000000e-1	1,084400000000000e+0	3,857000000000000e-1	1,115800000000000e+0
6,890000000000000e+2	2,754000000000000e-1	3,834000000000000e-1	4,052000000000000e-1	2,998000000000000e-1	3,678000000000000e-1	8,130000000000000e-1	1,085000000000000e+0	3,857000000000000e-1	1,115100000000000e+0
6,900000000000000e+2	2,757000000000000e-1	3,831000000000000e-1	4,049000000000000e-1	2,999000000000000e-1	3,677000000000000e-1	8,137000000000000e-1	1,085800000000000e+0	3,857000000000000e-1	1,114600000000000e+0
6,910000000000000e+2	2,755000000000000e-1	3,826000000000000e-1	4,046000000000000e-1	2,998000000000000e-1	3,676000000000000e-1	8,142000000000000e-1	1,086600000000000e+0	3,854000000000000e-1	1,113900000000000e+0
6,920000000000000e+2	2,753000000000000e-1	3,825000000000000e-1	4,044000000000000e-1	2,998000000000000e-1	3,675000000000000e-1	8,149000000000000e-1	1,087000000000000e+0	3,854000000000000e-1	1,113400000000000e+0
6,930000000000000e+2	2,754000000000000e-1	3,821000000000000e-1	4,041000000000000e-1	2,998000000000000e-1	3,674000000000000e-1	8,156000000000000e-1	1,088300000000000e+0	3,853000000000000e-1	1,112900000000000e+0
6,940000000000000e+2	2,751000000000000e-1	3,817000000000000e-1	4,037000000000000e-1	2,995000000000000e-1	3,673000000000000e-1	8,166000000000000e-1	1,088600000000000e+0	3,853000000000000e-1	1,112300000000000e+0
6,950000000000000e+2	2,754000000000000e-1	3,815000000000000e-1	4,036000000000000e-1	2,994000000000000e-1	3,672000000000000e-1	8,174000000000000e-1	1,089600000000000e+0	3,852000000000000e-1	1,111800000000000e+0
6,960000000000000e+2	2,753000000000000e-1	3,813000000000000e-1	4,032000000000000e-1	2,995000000000000e-1	3,670000000000000e-1	8,180000000000000e-1	1,090700000000000e+0	3,850000000000000e-1	1,111300000000000e+0
6,970000000000000e+2	2,753000000000000e-1	3,810000000000000e-1	4,027000000000000e-1	2,995000000000000e-1	3,669000000000000e-1	8,188000000000000e-1	1,091600000000000e+0	3,850000000000000e-1	1,110700000000000e+0
6,980000000000000e+2	2,752000000000000e-1	3,807000000000000e-1	4,025000000000000e-1	2,994000000000000e-1	3,670000000000000e-1	8,194000000000000e-1	1,092700000000000e+0	3,849000000000000e-1	1,110100000000000e+0
6,990000000000000e+2	2,753000000000000e-1	3,804000000000000e-1	4,022000000000000e-1	2,994000000000000e-1	3,668000000000000e-1	8,201000000000000e-1	1,093400000000000e+0	3,848000000000000e-1	1,109600000000000e+0
7,000000000000000e+2	2,755000000000000e-1	3,802000000000000e-1	4,021000000000000e-1	2,993000000000000e-1	3,667000000000000e-1	8,209000000000000e-1	1,094100000000000e+0	3,848000000000000e-1	1,109100000000000e+0
7,010000000000000e+2	2,755000000000000e-1	3,800000000000000e-1	4,020000000000000e-1	2,995000000000000e-1	3,667000000000000e-1	8,215000000000000e-1	1,094800000000000e+0	3,848000000000000e-1	1,108700000000000e+0
7,020000000000000e+2	2,755000000000000e-1	3,800000000000000e-1	4,018000000000000e-1	2,996000000000000e-1	3,667000000000000e-1	8,222000000000000e-1	1,095900000000000e+0	3,849000000000000e-1	1,108300000000000e+0
7,030000000000000e+2	2,753000000000000e-1	3,797000000000000e-1	4,015000000000000e-1	2,994000000000000e-1	3,667000000000000e-1	8,230000000000000e-1	1,096800000000000e+0	3,845000000000000e-1	1,107800000000000e+0
7,040000000000000e+2	2,753000000000000e-1	3,795000000000000e-1	4,014000000000000e-1	2,995000000000000e-1	3,666000000000000e-1	8,239000000000000e-1	1,097900000000000e+0	3,846000000000000e-1	1,107600000000000e+0
7,050000000000000e+2	2,753000000000000e-1	3,790000000000000e-1	4,011000000000000e-1	2,994000000000000e-1	3,665000000000000e-1	8,246000000000000e-1	1,098600000000000e+0	3,845000000000000e-1	1,107200000000000e+0
7,060000000000000e+2	2,752000000000000e-1	3,788000000000000e-1	4,008000000000000e-1	2,992000000000000e-1	3,663000000000000e-1	8,250000000000000e-1	1,098600000000000e+0	3,844000000000000e-1	1,106400000000000e+0
7,070000000000000e+2	2,752000000000000e-1	3,785000000000000e-1	4,005000000000000e-1	2,990000000000000e-1	3,662000000000000e-1	8,254000000000000e-1	1,099200000000000e+0	3,841000000000000e-1	1,105700000000000e+0
7,080000000000000e+2	2,753000000000000e-1	3,784000000000000e-1	4,005000000000000e-1	2,993000000000000e-1	3,663000000000000e-1	8,263000000000000e-1	1,100200000000000e+0	3,842000000000000e-1	1,105300000000000e+0
7,090000000000000e+2	2,753000000000000e-1	3,780000000000000e-1	4,001000000000000e-1	2,991000000000000e-1	3,661000000000000e-1	8,268000000000000e-1	1,100900000000000e+0	3,842000000000000e-1	1,104800000000000e+0
7,100000000000000e+2	2,753000000000000e-1	3,779000000000000e-1	4,001000000000000e-1	2,991000000000000e-1	3,661000000000000e-1	8,274000000000000e-1	1,101300000000000e+0	3,842000000000000e-1	1,104400000000000e+0
7,110000000000000e+2	2,753000000000000e-1	3,777000000000000e-1	4,000000000000000e-1	2,992000000000000e-1	3,661000000000000e-1	8,282000000000000e-1	1,101800000000000e+0	3,841000000000000e-1	1,104100000000000e+0
7,120000000000000e+2	2,755000000000000e-1	3,777000000000000e-1	3,996000000000000e-1	2,993000000000000e-1	3,661000000000000e-1	8,287000000000000e-1	1,102700000000000e+0	3,840000000000000e-1	1,103600000000000e+0
7,130000000000000e+2	2,756000000000000e-1	3,775000000000000e-1	3,994000000000000e-1	2,993000000000000e-1	3,661000000000000e-1	8,291000000000000e-1	1,103100000000000e+0	3,840000000000000e-1	1,103300000000000e+0
7,140000000000000e+2	2,756000000000000e-1	3,772000000000000e-1	3,992000000000000e-1	2,992000000000000e-1	3,660000000000000e-1	8,294000000000000e-1	1,103100000000000e+0	3,840000000000000e-1	1,102800000000000e+0
7,150000000000000e+2	2,752000000000000e-1	3,768000000000000e-1	3,988000000000000e-1	2,990000000000000e-1	3,660000000000000e-1	8,296000000000000e-1	1,103700000000000e+0	3,838000000000000e-1	1,102200000000000e+0
7,160000000000000e+2	2,750000000000000e-1	3,765000000000000e-1	3,985000000000000e-1	2,988000000000000e-1	3,658000000000000e-1	8,297000000000000e-1	1,104300000000000e+0	3,836000000000000e-1	1,101600000000000e+0
7,170000000000000e+2	2,750000000000000e-1	3,763000000000000e-1	3,983000000000000e-1	2,989000000000000e-1	3,656000000000000e-1	8,300000000000000e-1	1,104500000000000e+0	3,834000000000000e-1	1,101000000000000e+0
7,180000000000000e+2	2,750000000000000e-1	3,761000000000000e-1	3,983000000000000e-1	2,989000000000000e-1	3,655000000000000e-1	8,304000000000000e-1	1,104400000000000e+0	3,832000000000000e-1	1,100500000000000e+0
7,190000000000000e+2	2,749000000000000e-1	3,758000000000000e-1	3,979000000000000e-1	2,987000000000000e-1	3,654000000000000e-1	8,302000000000000e-1	1,104600000000000e+0	3,830000000000000e-1	1,100100000000000e+0
7,200000000000000e+2	2,750000000000000e-1	3,754000000000000e-1	3,977000000000000e-1	2,985000000000000e-1	3,652000000000000e-1	8,299000000000000e-1	1,104300000000000e+0	3,829000000000000e-1	1,099500000000000e+0
7,210000000000000e+2	2,752000000000000e-1	3,754000000000000e-1	3,975000000000000e-1	2,987000000000000e-1	3,652000000000000e-1	8,303000000000000e-1	1,104200000000000e+0	3,830000000000000e-1	1,099200000000000e+0
7,220000000000000e+2	2,753000000000000e-1	3,753000000000000e-1	3,973000000000000e-1	2,989000000000000e-1	3,652000000000000e-1	8,302000000000000e-1	1,103900000000000e+0	3,826000000000000e-1	1,098600000000000e+0
7,230000000000000e+2	2,751000000000000e-1	3,750000000000000e-1	3,970000000000000e-1	2,988000000000000e-1	3,651000000000000e-1	8,299000000000000e-1	1,103900000000000e+0	3,825000000000000e-1	1,098200000000000e+0
7,240000000000000e+2	2,754000000000000e-1	3,748000000000000e-1	3,970000000000000e-1	2,986000000000000e-1	3,651000000000000e-1	8,297000000000000e-1	1,103400000000000e+0	3,826000000000000e-1	1,097800000000000e+0
7,250000000000000e+2	2,753000000000000e-1	3,746000000000000e-1	3,968000000000000e-1	2,987000000000000e-1	3,650000000000000e-1	8,294000000000000e-1	1,103200000000000e+0	3,825000000000000e-1	1,097400000000000e+0
7,260000000000000e+2	2,752000000000000e-1	3,746000000000000e-1	3,969000000000000e-1	2,989000000000000e-1	3,652000000000000e-1	8,291000000000000e-1	1,102900000000000e+0	3,823000000000000e-1	1,097000000000000e+0
7,270000000000000e+2	2,750000000000000e-1	3,744000000000000e-1	3,965000000000000e-1	2,986000000000000e-1	3,651000000000000e-1	8,285000000000000e-1	1,101900000000000e+0	3,822000000000000e-1	1,096600000000000e+0
7,280000000000000e+2	2,752000000000000e-1	3,744000000000000e-1	3,964000000000000e-1	2,986000000000000e-1	3,651000000000000e-1	8,279000000000000e-1	1,101400000000000e+0	3,822000000000000e-1	1,096200000000000e+0
7,290000000000000e+2	2,754000000000000e-1	3,741000000000000e-1	3,962000000000000e-1	2,984000000000000e-1	3,648000000000000e-1	8,272000000000000e-1	1,100500000000000e+0	3,819000000000000e-1	1,095700000000000e+0
7,300000000000000e+2	2,755000000000000e-1	3,737000000000000e-1	3,959000000000000e-1	2,982000000000000e-1	3,645000000000000e-1	8,264000000000000e-1	1,099700000000000e+0	3,816000000000000e-1	1,095000000000000e+0
7,310000000000000e+2	2,754000000000000e-1	3,738000000000000e-1	3,958000000000000e-1	2,983000000000000e-1	3,646000000000000e-1	8,260000000000000e-1	1,098400000000000e+0	3,816000000000000e-1	1,094900000000000e+0
7,320000000000000e+2	2,752000000000000e-1	3,736000000000000e-1	3,959000000000000e-1	2,983000000000000e-1	3,645000000000000e-1	8,252000000000000e-1	1,097800000000000e+0	3,816000000000000e-1	1,094500000000000e+0
7,330000000000000e+2	2,750000000000000e-1	3,732000000000000e-1	3,954000000000000e-1	2,981000000000000e-1	3,644000000000000e-1	8,240000000000000e-1	1,096500000000000e+0	3,811000000000000e-1	1,093800000000000e+0
7,340000000000000e+2	2,751000000000000e-1	3,731000000000000e-1	3,952000000000000e-1	2,982000000000000e-1	3,645000000000000e-1	8,229000000000000e-1	1,095400000000000e+0	3,810000000000000e-1	1,093300000000000e+0
7,350000000000000e+2	2,751000000000000e-1	3,730000000000000e-1	3,951000000000000e-1	2,983000000000000e-1	3,644000000000000e-1	8,218000000000000e-1	1,094400000000000e+0	3,809000000000000e-1	1,093000000000000e+0
7,360000000000000e+2	2,752000000000000e-1	3,728000000000000e-1	3,949000000000000e-1	2,980000000000000e-1	3,642000000000000e-1	8,207000000000000e-1	1,093000000000000e+0	3,809000000000000e-1	1,092500000000000e+0
7,370000000000000e+2	2,752000000000000e-1	3,726000000000000e-1	3,948000000000000e-1	2,982000000000000e-1	3,642000000000000e-1	8,197000000000000e-1	1,091800000000000e+0	3,806000000000000e-1	1,092100000000000e+0
7,380000000000000e+2	2,750000000000000e-1	3,723000000000000e-1	3,943000000000000e-1	2,980000000000000e-1	3,638000000000000e-1	8,185000000000000e-1	1,090400000000000e+0	3,803000000000000e-1	1,091600000000000e+0
7,390000000000000e+2	2,753000000000000e-1	3,724000000000000e-1	3,944000000000000e-1	2,981000000000000e-1	3,640000000000000e-1	8,175000000000000e-1	1,089300000000000e+0	3,804000000000000e-1	1,091300000000000e+0
7,400000000000000e+2	2,755000000000000e-1	3,723000000000000e-1	3,943000000000000e-1	2,981000000000000e-1	3,640000000000000e-1	8,163000000000000e-1	1,087800000000000e+0	3,803000000000000e-1	1,090900000000000e+0
7,410000000000000e+2	2,753000000000000e-1	3,721000000000000e-1	3,943000000000000e-1	2,981000000000000e-1	3,639000000000000e-1	8,149000000000000e-1	1,085900000000000e+0	3,801000000000000e-1	1,090500000000000e+0
7,420000000000000e+2	2,755000000000000e-1	3,720000000000000e-1	3,940000000000000e-1	2,980000000000000e-1	3,638000000000000e-1	8,134000000000000e-1	1,084400000000000e+0	3,799000000000000e-1	1,089900000000000e+0
7,430000000000000e+2	2,753000000000000e-1	3,719000000000000e-1	3,939000000000000e-1	2,978000000000000e-1	3,638000000000000e-1	8,121000000000000e-1	1,082900000000000e+0	3,796000000000000e-1	1,089600000000000e+0
7,440000000000000e+2	2,749000000000000e-1	3,716000000000000e-1	3,936000000000000e-1	2,979000000000000e-1	3,637000000000000e-1	8,106000000000000e-1	1,081300000000000e+0	3,794000000000000e-1	1,089100000000000e+0
7,450000000000000e+2	2,750000000000000e-1	3,716000000000000e-1	3,936000000000000e-1	2,980000000000000e-1	3,638000000000000e-1	8,093000000000000e-1	1,079800000000000e+0	3,794000000000000e-1	1,088800000000000e+0
7,460000000000000e+2	2,752000000000000e-1	3,712000000000000e-1	3,932000000000000e-1	2,979000000000000e-1	3,636000000000000e-1	8,080000000000000e-1	1,077900000000000e+0	3,791000000000000e-1	1,088200000000000e+0
7,470000000000000e+2	2,756000000000000e-1	3,713000000000000e-1	3,935000000000000e-1	2,981000000000000e-1	3,638000000000000e-1	8,068000000000000e-1	1,076600000000000e+0	3,792000000000000e-1	1,088000000000000e+0
7,480000000000000e+2	2,760000000000000e-1	3,715000000000000e-1	3,936000000000000e-1	2,981000000000000e-1	3,639000000000000e-1	8,055000000000000e-1	1,075300000000000e+0	3,793000000000000e-1	1,087700000000000e+0
7,490000000000000e+2	2,757000000000000e-1	3,712000000000000e-1	3,934000000000000e-1	2,979000000000000e-1	3,636000000000000e-1	8,039000000000000e-1	1,073600000000000e+0	3,789000000000000e-1	1,087200000000000e+0
7,500000000000000e+2	2,754000000000000e-1	3,709000000000000e-1	3,932000000000000e-1	2,979000000000000e-1	3,635000000000000e-1	8,024000000000000e-1	1,071900000000000e+0	3,786000000000000e-1	1,086800000000000e+0
7,510000000000000e+2	2,753000000000000e-1	3,708000000000000e-1	3,931000000000000e-1	2,978000000000000e-1	3,635000000000000e-1	8,014000000000000e-1	1,070600000000000e+0	3,784000000000000e-1	1,086300000000000e+0
7,520000000000000e+2	2,754000000000000e-1	3,708000000000000e-1	3,930000000000000e-1	2,978000000000000e-1	3,636000000000000e-1	7,999000000000000e-1	1,069300000000000e+0	3,784000000000000e-1	1,086000000000000e+0
7,530000000000000e+2	2,753000000000000e-1	3,708000000000000e-1	3,928000000000000e-1	2,979000000000000e-1	3,635000000000000e-1	7,986000000000000e-1	1,067500000000000e+0	3,783000000000000e-1	1,085500000000000e+0
7,540000000000000e+2	2,751000000000000e-1	3,704000000000000e-1	3,928000000000000e-1	2,977000000000000e-1	3,633000000000000e-1	7,970000000000000e-1	1,065100000000000e+0	3,779000000000000e-1	1,084900000000000e+0
7,550000000000000e+2	2,750000000000000e-1	3,703000000000000e-1	3,926000000000000e-1	2,977000000000000e-1	3,632000000000000e-1	7,957000000000000e-1	1,063700000000000e+0	3,778000000000000e-1	1,084500000000000e+0
7,560000000000000e+2	2,751000000000000e-1	3,703000000000000e-1	3,924000000000000e-1	2,976000000000000e-1	3,632000000000000e-1	7,943000000000000e-1	1,062300000000000e+0	3,776000000000000e-1	1,084100000000000e+0
7,570000000000000e+2	2,754000000000000e-1	3,703000000000000e-1	3,924000000000000e-1	2,976000000000000e-1	3,633000000000000e-1	7,928000000000000e-1	1,060300000000000e+0	3,773000000000000e-1	1,083800000000000e+0
7,580000000000000e+2	2,753000000000000e-1	3,701000000000000e-1	3,922000000000000e-1	2,978000000000000e-1	3,633000000000000e-1	7,914000000000000e-1	1,059200000000000e+0	3,773000000000000e-1	1,083200000000000e+0
7,590000000000000e+2	2,755000000000000e-1	3,701000000000000e-1	3,923000000000000e-1	2,979000000000000e-1	3,633000000000000e-1	7,901000000000000e-1	1,057700000000000e+0	3,775000000000000e-1	1,083000000000000e+0
7,600000000000000e+2	2,747000000000000e-1	3,707000000000000e-1	3,935000000000000e-1	2,988000000000000e-1	3,636000000000000e-1	7,901000000000000e-1	1,059600000000000e+0	3,774000000000000e-1	1,082700000000000e+0
7,610000000000000e+2	2,736000000000000e-1	3,710000000000000e-1	3,947000000000000e-1	2,995000000000000e-1	3,637000000000000e-1	7,896000000000000e-1	1,061300000000000e+0	3,772000000000000e-1	1,081800000000000e+0
7,620000000000000e+2	2,737000000000000e-1	3,711000000000000e-1	3,946000000000000e-1	2,993000000000000e-1	3,639000000000000e-1	7,885000000000000e-1	1,059900000000000e+0	3,772000000000000e-1	1,081600000000000e+0
7,630000000000000e+2	2,736000000000000e-1	3,709000000000000e-1	3,945000000000000e-1	2,992000000000000e-1	3,638000000000000e-1	7,873000000000000e-1	1,058300000000000e+0	3,771000000000000e-1	1,081100000000000e+0
7,640000000000000e+2	2,735000000000000e-1	3,708000000000000e-1	3,946000000000000e-1	2,991000000000000e-1	3,637000000000000e-1	7,860000000000000e-1	1,057000000000000e+0	3,768000000000000e-1	1,080700000000000e+0
7,650000000000000e+2	2,735000000000000e-1	3,708000000000000e-1	3,944000000000000e-1	2,990000000000000e-1	3,637000000000000e-1	7,847000000000000e-1	1,055900000000000e+0	3,766000000000000e-1	1,080400000000000e+0
7,660000000000000e+2	2,735000000000000e-1	3,706000000000000e-1	3,945000000000000e-1	2,989000000000000e-1	3,636000000000000e-1	7,837000000000000e-1	1,054600000000000e+0	3,763000000000000e-1	1,080000000000000e+0
7,670000000000000e+2	2,735000000000000e-1	3,706000000000000e-1	3,944000000000000e-1	2,990000000000000e-1	3,636000000000000e-1	7,829000000000000e-1	1,053500000000000e+0	3,762000000000000e-1	1,079600000000000e+0
7,680000000000000e+2	2,736000000000000e-1	3,704000000000000e-1	3,942000000000000e-1	2,990000000000000e-1	3,636000000000000e-1	7,818000000000000e-1	1,052300000000000e+0	3,761000000000000e-1	1,079100000000000e+0
7,690000000000000e+2	2,738000000000000e-1	3,705000000000000e-1	3,943000000000000e-1	2,993000000000000e-1	3,637000000000000e-1	7,809000000000000e-1	1,051300000000000e+0	3,761000000000000e-1	1,078900000000000e+0
7,700000000000000e+2	2,734000000000000e-1	3,703000000000000e-1	3,941000000000000e-1	2,991000000000000e-1	3,634000000000000e-1	7,799000000000000e-1	1,049900000000000e+0	3,757000000000000e-1	1,078200000000000e+0
7,710000000000000e+2	2,735000000000000e-1	3,700000000000000e-1	3,938000000000000e-1	2,990000000000000e-1	3,633000000000000e-1	7,786000000000000e-1	1,048600000000000e+0	3,755000000000000e-1	1,077700000000000e+0
7,720000000000000e+2	2,733000000000000e-1	3,700000000000000e-1	3,938000000000000e-1	2,990000000000000e-1	3,632000000000000e-1	7,778000000000000e-1	1,047800000000000e+0	3,753000000000000e-1	1,077400000000000e+0
7,730000000000000e+2	2,731000000000000e-1	3,698000000000000e-1	3,936000000000000e-1	2,987000000000000e-1	3,631000000000000e-1	7,769000000000000e-1	1,046900000000000e+0	3,749000000000000e-1	1,077100000000000e+0
7,740000000000000e+2	2,733000000000000e-1	3,698000000000000e-1	3,937000000000000e-1	2,989000000000000e-1	3,634000000000000e-1	7,762000000000000e-1	1,046100000000000e+0	3,749000000000000e-1	1,076800000000000e+0
7,750000000000000e+2	2,734000000000000e-1	3,698000000000000e-1	3,936000000000000e-1	2,988000000000000e-1	3,634000000000000e-1	7,752000000000000e-1	1,045200000000000e+0	3,747000000000000e-1	1,076300000000000e+0
7,760000000000000e+2	2,736000000000000e-1	3,695000000000000e-1	3,935000000000000e-1	2,987000000000000e-1	3,630000000000000e-1	7,745000000000000e-1	1,044000000000000e+0	3,744000000000000e-1	1,075800000000000e+0
7,770000000000000e+2	2,733000000000000e-1	3,692000000000000e-1	3,931000000000000e-1	2,987000000000000e-1	3,629000000000000e-1	7,735000000000000e-1	1,042900000000000e+0	3,742000000000000e-1	1,075300000000000e+0
7,780000000000000e+2	2,734000000000000e-1	3,694000000000000e-1	3,932000000000000e-1	2,988000000000000e-1	3,633000000000000e-1	7,731000000000000e-1	1,042100000000000e+0	3,742000000000000e-1	1,075200000000000e+0
7,790000000000000e+2	2,736000000000000e-1	3,695000000000000e-1	3,933000000000000e-1	2,987000000000000e-1	3,631000000000000e-1	7,724000000000000e-1	1,041500000000000e+0	3,739000000000000e-1	1,074800000000000e+0
7,800000000000000e+2	2,735000000000000e-1	3,693000000000000e-1	3,932000000000000e-1	2,987000000000000e-1	3,630000000000000e-1	7,716000000000000e-1	1,040600000000000e+0	3,736000000000000e-1	1,074400000000000e+0
7,810000000000000e+2	2,736000000000000e-1	3,693000000000000e-1	3,931000000000000e-1	2,987000000000000e-1	3,632000000000000e-1	7,711000000000000e-1	1,040200000000000e+0	3,736000000000000e-1	1,074000000000000e+0
7,820000000000000e+2	2,736000000000000e-1	3,691000000000000e-1	3,931000000000000e-1	2,986000000000000e-1	3,631000000000000e-1	7,705000000000000e-1	1,039700000000000e+0	3,736000000000000e-1	1,073600000000000e+0
7,830000000000000e+2	2,735000000000000e-1	3,690000000000000e-1	3,931000000000000e-1	2,986000000000000e-1	3,631000000000000e-1	7,700000000000000e-1	1,039000000000000e+0	3,733000000000000e-1	1,073200000000000e+0
7,840000000000000e+2	2,736000000000000e-1	3,689000000000000e-1	3,930000000000000e-1	2,986000000000000e-1	3,630000000000000e-1	7,695000000000000e-1	1,038500000000000e+0	3,731000000000000e-1	1,072800000000000e+0
7,850000000000000e+2	2,738000000000000e-1	3,689000000000000e-1	3,930000000000000e-1	2,987000000000000e-1	3,632000000000000e-1	7,691000000000000e-1	1,037900000000000e+0	3,730000000000000e-1	1,072600000000000e+0
7,860000000000000e+2	2,738000000000000e-1	3,692000000000000e-1	3,931000000000000e-1	2,988000000000000e-1	3,633000000000000e-1	7,689000000000000e-1	1,037300000000000e+0	3,730000000000000e-1	1,072500000000000e+0
7,870000000000000e+2	2,735000000000000e-1	3,690000000000000e-1	3,928000000000000e-1	2,986000000000000e-1	3,630000000000000e-1	7,683000000000000e-1	1,037000000000000e+0	3,728000000000000e-1	1,072000000000000e+0
7,880000000000000e+2	2,734000000000000e-1	3,687000000000000e-1	3,924000000000000e-1	2,984000000000000e-1	3,627000000000000e-1	7,677000000000000e-1	1,036200000000000e+0	3,724000000000000e-1	1,071400000000000e+0
7,890000000000000e+2	2,734000000000000e-1	3,687000000000000e-1	3,925000000000000e-1	2,986000000000000e-1	3,629000000000000e-1	7,675000000000000e-1	1,035800000000000e+0	3,722000000000000e-1	1,071000000000000e+0
7,900000000000000e+2	2,734000000000000e-1	3,687000000000000e-1	3,925000000000000e-1	2,986000000000000e-1	3,629000000000000e-1	7,672000000000000e-1	1,035800000000000e+0	3,722000000000000e-1	1,070800000000000e+0
7,910000000000000e+2	2,735000000000000e-1	3,686000000000000e-1	3,924000000000000e-1	2,985000000000000e-1	3,627000000000000e-1	7,667000000000000e-1	1,035100000000000e+0	3,719000000000000e-1	1,070300000000000e+0
7,920000000000000e+2	2,734000000000000e-1	3,685000000000000e-1	3,923000000000000e-1	2,983000000000000e-1	3,627000000000000e-1	7,664000000000000e-1	1,034500000000000e+0	3,717000000000000e-1	1,069900000000000e+0
7,930000000000000e+2	2,736000000000000e-1	3,684000000000000e-1	3,923000000000000e-1	2,985000000000000e-1	3,628000000000000e-1	7,661000000000000e-1	1,034600000000000e+0	3,715000000000000e-1	1,069400000000000e+0
7,940000000000000e+2	2,737000000000000e-1	3,682000000000000e-1	3,922000000000000e-1	2,984000000000000e-1	3,626000000000000e-1	7,659000000000000e-1	1,034400000000000e+0	3,712000000000000e-1	1,069100000000000e+0
7,950000000000000e+2	2,734000000000000e-1	3,681000000000000e-1	3,921000000000000e-1	2,984000000000000e-1	3,626000000000000e-1	7,655000000000000e-1	1,034000000000000e+0	3,711000000000000e-1	1,068800000000000e+0
7,960000000000000e+2	2,733000000000000e-1	3,682000000000000e-1	3,922000000000000e-1	2,985000000000000e-1	3,627000000000000e-1	7,652000000000000e-1	1,033900000000000e+0	3,710000000000000e-1	1,068500000000000e+0
7,970000000000000e+2	2,735000000000000e-1	3,683000000000000e-1	3,922000000000000e-1	2,987000000000000e-1	3,629000000000000e-1	7,652000000000000e-1	1,033900000000000e+0	3,711000000000000e-1	1,068100000000000e+0
7,980000000000000e+2	2,734000000000000e-1	3,681000000000000e-1	3,920000000000000e-1	2,985000000000000e-1	3,627000000000000e-1	7,649000000000000e-1	1,033200000000000e+0	3,708000000000000e-1	1,067700000000000e+0
7,990000000000000e+2	2,738000000000000e-1	3,682000000000000e-1	3,922000000000000e-1	2,988000000000000e-1	3,627000000000000e-1	7,648000000000000e-1	1,032900000000000e+0	3,708000000000000e-1	1,067500000000000e+0
8,000000000000000e+2	2,736000000000000e-1	3,682000000000000e-1	3,922000000000000e-1	2,986000000000000e-1	3,627000000000000e-1	7,647000000000000e-1	1,032800000000000e+0	3,706000000000000e-1	1,067100000000000e+0
8,010000000000000e+2	2,734000000000000e-1	3,681000000000000e-1	3,920000000000000e-1	2,984000000000000e-1	3,626000000000000e-1	7,646000000000000e-1	1,032700000000000e+0	3,704000000000000e-1	1,066700000000000e+0
8,020000000000000e+2	2,735000000000000e-1	3,682000000000000e-1	3,922000000000000e-1	2,985000000000000e-1	3,628000000000000e-1	7,646000000000000e-1	1,032700000000000e+0	3,704000000000000e-1	1,066400000000000e+0
8,030000000000000e+2	2,736000000000000e-1	3,679000000000000e-1	3,918000000000000e-1	2,983000000000000e-1	3,626000000000000e-1	7,642000000000000e-1	1,032600000000000e+0	3,700000000000000e-1	1,065800000000000e+0
8,040000000000000e+2	2,736000000000000e-1	3,677000000000000e-1	3,915000000000000e-1	2,982000000000000e-1	3,623000000000000e-1	7,639000000000000e-1	1,032100000000000e+0	3,699000000000000e-1	1,065400000000000e+0
8,050000000000000e+2	2,736000000000000e-1	3,678000000000000e-1	3,916000000000000e-1	2,981000000000000e-1	3,623000000000000e-1	7,638000000000000e-1	1,032200000000000e+0	3,697000000000000e-1	1,065000000000000e+0
8,060000000000000e+2	2,734000000000000e-1	3,678000000000000e-1	3,916000000000000e-1	2,982000000000000e-1	3,624000000000000e-1	7,639000000000000e-1	1,032400000000000e+0	3,696000000000000e-1	1,064800000000000e+0
8,070000000000000e+2	2,735000000000000e-1	3,678000000000000e-1	3,916000000000000e-1	2,982000000000000e-1	3,624000000000000e-1	7,636000000000000e-1	1,032100000000000e+0	3,696000000000000e-1	1,064700000000000e+0
8,080000000000000e+2	2,735000000000000e-1	3,677000000000000e-1	3,915000000000000e-1	2,981000000000000e-1	3,624000000000000e-1	7,634000000000000e-1	1,032500000000000e+0	3,692000000000000e-1	1,064000000000000e+0
8,090000000000000e+2	2,733000000000000e-1	3,676000000000000e-1	3,914000000000000e-1	2,981000000000000e-1	3,622000000000000e-1	7,633000000000000e-1	1,031900000000000e+0	3,689000000000000e-1	1,063500000000000e+0
8,100000000000000e+2	2,733000000000000e-1	3,677000000000000e-1	3,915000000000000e-1	2,982000000000000e-1	3,623000000000000e-1	7,634000000000000e-1	1,031500000000000e+0	3,688000000000000e-1	1,063200000000000e+0
8,110000000000000e+2	2,734000000000000e-1	3,676000000000000e-1	3,914000000000000e-1	2,984000000000000e-1	3,623000000000000e-1	7,631000000000000e-1	1,031100000000000e+0	3,687000000000000e-1	1,063000000000000e+0
8,120000000000000e+2	2,733000000000000e-1	3,676000000000000e-1	3,913000000000000e-1	2,982000000000000e-1	3,623000000000000e-1	7,630000000000000e-1	1,031100000000000e+0	3,687000000000000e-1	1,062600000000000e+0
8,130000000000000e+2	2,734000000000000e-1	3,674000000000000e-1	3,911000000000000e-1	2,981000000000000e-1	3,622000000000000e-1	7,629000000000000e-1	1,030900000000000e+0	3,684000000000000e-1	1,062100000000000e+0
8,140000000000000e+2	2,736000000000000e-1	3,674000000000000e-1	3,911000000000000e-1	2,983000000000000e-1	3,622000000000000e-1	7,627000000000000e-1	1,030600000000000e+0	3,682000000000000e-1	1,061600000000000e+0
8,150000000000000e+2	2,737000000000000e-1	3,673000000000000e-1	3,912000000000000e-1	2,984000000000000e-1	3,622000000000000e-1	7,624000000000000e-1	1,030500000000000e+0	3,682000000000000e-1	1,061200000000000e+0
8,160000000000000e+2	2,736000000000000e-1	3,673000000000000e-1	3,911000000000000e-1	2,985000000000000e-1	3,620000000000000e-1	7,621000000000000e-1	1,030200000000000e+0	3,680000000000000e-1	1,060800000000000e+0
8,170000000000000e+2	2,734000000000000e-1	3,671000000000000e-1	3,910000000000000e-1	2,982000000000000e-1	3,619000000000000e-1	7,619000000000000e-1	1,029900000000000e+0	3,676000000000000e-1	1,060500000000000e+0
8,180000000000000e+2	2,734000000000000e-1	3,672000000000000e-1	3,910000000000000e-1	2,982000000000000e-1	3,620000000000000e-1	7,619000000000000e-1	1,029500000000000e+0	3,675000000000000e-1	1,060300000000000e+0
8,190000000000000e+2	2,733000000000000e-1	3,671000000000000e-1	3,910000000000000e-1	2,979000000000000e-1	3,619000000000000e-1	7,614000000000000e-1	1,029000000000000e+0	3,673000000000000e-1	1,059800000000000e+0
8,200000000000000e+2	2,734000000000000e-1	3,670000000000000e-1	3,911000000000000e-1	2,981000000000000e-1	3,619000000000000e-1	7,614000000000000e-1	1,029300000000000e+0	3,671000000000000e-1	1,059500000000000e+0
8,210000000000000e+2	2,730000000000000e-1	3,669000000000000e-1	3,909000000000000e-1	2,979000000000000e-1	3,619000000000000e-1	7,609000000000000e-1	1,028700000000000e+0	3,670000000000000e-1	1,059200000000000e+0
8,220000000000000e+2	2,732000000000000e-1	3,670000000000000e-1	3,909000000000000e-1	2,979000000000000e-1	3,619000000000000e-1	7,607000000000000e-1	1,028400000000000e+0	3,669000000000000e-1	1,058900000000000e+0
8,230000000000000e+2	2,734000000000000e-1	3,667000000000000e-1	3,908000000000000e-1	2,980000000000000e-1	3,618000000000000e-1	7,603000000000000e-1	1,028100000000000e+0	3,667000000000000e-1	1,058500000000000e+0
8,240000000000000e+2	2,735000000000000e-1	3,666000000000000e-1	3,906000000000000e-1	2,981000000000000e-1	3,616000000000000e-1	7,599000000000000e-1	1,027600000000000e+0	3,663000000000000e-1	1,057900000000000e+0
8,250000000000000e+2	2,737000000000000e-1	3,667000000000000e-1	3,907000000000000e-1	2,981000000000000e-1	3,617000000000000e-1	7,595000000000000e-1	1,027300000000000e+0	3,662000000000000e-1	1,057700000000000e+0
8,260000000000000e+2	2,735000000000000e-1	3,665000000000000e-1	3,904000000000000e-1	2,979000000000000e-1	3,615000000000000e-1	7,589000000000000e-1	1,026800000000000e+0	3,659000000000000e-1	1,057100000000000e+0
8,270000000000000e+2	2,735000000000000e-1	3,664000000000000e-1	3,903000000000000e-1	2,979000000000000e-1	3,616000000000000e-1	7,585000000000000e-1	1,026000000000000e+0	3,658000000000000e-1	1,056600000000000e+0
8,280000000000000e+2	2,733000000000000e-1	3,664000000000000e-1	3,904000000000000e-1	2,979000000000000e-1	3,614000000000000e-1	7,581000000000000e-1	1,025600000000000e+0	3,656000000000000e-1	1,056200000000000e+0
8,290000000000000e+2	2,734000000000000e-1	3,663000000000000e-1	3,904000000000000e-1	2,978000000000000e-1	3,613000000000000e-1	7,576000000000000e-1	1,025100000000000e+0	3,656000000000000e-1	1,055800000000000e+0
8,300000000000000e+2	2,734000000000000e-1	3,664000000000000e-1	3,905000000000000e-1	2,978000000000000e-1	3,615000000000000e-1	7,571000000000000e-1	1,024500000000000e+0	3,655000000000000e-1	1,055700000000000e+0
8,310000000000000e+2	2,733000000000000e-1	3,663000000000000e-1	3,902000000000000e-1	2,977000000000000e-1	3,615000000000000e-1	7,567000000000000e-1	1,023700000000000e+0	3,654000000000000e-1	1,055300000000000e+0
8,320000000000000e+2	2,734000000000000e-1	3,663000000000000e-1	3,902000000000000e-1	2,978000000000000e-1	3,612000000000000e-1	7,561000000000000e-1	1,023100000000000e+0	3,653000000000000e-1	1,054900000000000e+0
8,330000000000000e+2	2,733000000000000e-1	3,660000000000000e-1	3,902000000000000e-1	2,978000000000000e-1	3,611000000000000e-1	7,553000000000000e-1	1,022300000000000e+0	3,649000000000000e-1	1,054400000000000e+0
8,340000000000000e+2	2,731000000000000e-1	3,662000000000000e-1	3,904000000000000e-1	2,978000000000000e-1	3,612000000000000e-1	7,546000000000000e-1	1,021900000000000e+0	3,651000000000000e-1	1,054100000000000e+0
8,350000000000000e+2	2,733000000000000e-1	3,661000000000000e-1	3,902000000000000e-1	2,975000000000000e-1	3,611000000000000e-1	7,539000000000000e-1	1,021100000000000e+0	3,648000000000000e-1	1,053800000000000e+0
8,360000000000000e+2	2,734000000000000e-1	3,659000000000000e-1	3,901000000000000e-1	2,976000000000000e-1	3,609000000000000e-1	7,533000000000000e-1	1,020100000000000e+0	3,644000000000000e-1	1,053300000000000e+0
8,370000000000000e+2	2,733000000000000e-1	3,660000000000000e-1	3,900000000000000e-1	2,976000000000000e-1	3,609000000000000e-1	7,528000000000000e-1	1,019400000000000e+0	3,644000000000000e-1	1,052800000000000e+0
8,380000000000000e+2	2,736000000000000e-1	3,658000000000000e-1	3,901000000000000e-1	2,976000000000000e-1	3,610000000000000e-1	7,521000000000000e-1	1,019100000000000e+0	3,643000000000000e-1	1,052500000000000e+0
8,390000000000000e+2	2,735000000000000e-1	3,658000000000000e-1	3,900000000000000e-1	2,974000000000000e-1	3,609000000000000e-1	7,514000000000000e-1	1,018100000000000e+0	3,640000000000000e-1	1,052100000000000e+0
8,400000000000000e+2	2,735000000000000e-1	3,659000000000000e-1	3,900000000000000e-1	2,977000000000000e-1	3,610000000000000e-1	7,508000000000000e-1	1,017200000000000e+0	3,641000000000000e-1	1,051900000000000e+0
8,410000000000000e+2	2,737000000000000e-1	3,659000000000000e-1	3,900000000000000e-1	2,977000000000000e-1	3,608000000000000e-1	7,502000000000000e-1	1,016400000000000e+0	3,641000000000000e-1	1,051500000000000e+0
8,420000000000000e+2	2,734000000000000e-1	3,657000000000000e-1	3,897000000000000e-1	2,975000000000000e-1	3,607000000000000e-1	7,493000000000000e-1	1,015700000000000e+0	3,636000000000000e-1	1,051000000000000e+0
8,430000000000000e+2	2,732000000000000e-1	3,655000000000000e-1	3,896000000000000e-1	2,974000000000000e-1	3,606000000000000e-1	7,486000000000000e-1	1,014700000000000e+0	3,632000000000000e-1	1,050600000000000e+0
8,440000000000000e+2	2,734000000000000e-1	3,656000000000000e-1	3,895000000000000e-1	2,975000000000000e-1	3,608000000000000e-1	7,479000000000000e-1	1,014100000000000e+0	3,631000000000000e-1	1,050400000000000e+0
8,450000000000000e+2	2,736000000000000e-1	3,658000000000000e-1	3,896000000000000e-1	2,977000000000000e-1	3,607000000000000e-1	7,470000000000000e-1	1,013200000000000e+0	3,633000000000000e-1	1,050000000000000e+0
8,460000000000000e+2	2,736000000000000e-1	3,659000000000000e-1	3,898000000000000e-1	2,976000000000000e-1	3,607000000000000e-1	7,462000000000000e-1	1,012200000000000e+0	3,632000000000000e-1	1,049700000000000e+0
8,470000000000000e+2	2,736000000000000e-1	3,656000000000000e-1	3,897000000000000e-1	2,975000000000000e-1	3,604000000000000e-1	7,454000000000000e-1	1,011000000000000e+0	3,628000000000000e-1	1,049200000000000e+0
8,480000000000000e+2	2,737000000000000e-1	3,655000000000000e-1	3,895000000000000e-1	2,973000000000000e-1	3,602000000000000e-1	7,447000000000000e-1	1,009800000000000e+0	3,626000000000000e-1	1,048600000000000e+0
8,490000000000000e+2	2,736000000000000e-1	3,655000000000000e-1	3,896000000000000e-1	2,973000000000000e-1	3,603000000000000e-1	7,438000000000000e-1	1,009100000000000e+0	3,625000000000000e-1	1,048300000000000e+0
8,500000000000000e+2	2,734000000000000e-1	3,653000000000000e-1	3,894000000000000e-1	2,973000000000000e-1	3,601000100000000e-1	7,426000000000000e-1	1,007800000000000e+0	3,622000000000000e-1	1,047900000000000e+0
8,510000000000000e+2	2,733000000000000e-1	3,652000000000000e-1	3,891000000000000e-1	2,973000000000000e-1	3,600000000000000e-1	7,419000000000000e-1	1,007200000000000e+0	3,621000000000000e-1	1,047500000000000e+0
8,520000000000000e+2	2,734000000000000e-1	3,652000000000000e-1	3,891000000000000e-1	2,973000000000000e-1	3,599000000000000e-1	7,412000000000000e-1	1,006400000000000e+0	3,619000000000000e-1	1,047100000000000e+0
8,530000000000000e+2	2,735000000000000e-1	3,651000000000000e-1	3,891000000000000e-1	2,976000000000000e-1	3,598000000000000e-1	7,404000000000000e-1	1,005300000000000e+0	3,617000000000000e-1	1,046700000000000e+0
8,540000000000000e+2	2,735000000000000e-1	3,651000000000000e-1	3,891000000000000e-1	2,974000000000000e-1	3,599000000000000e-1	7,397000000000000e-1	1,004200000000000e+0	3,615000000000000e-1	1,046400000000000e+0
8,550000000000000e+2	2,736000000000000e-1	3,654000000000000e-1	3,895000000000000e-1	2,976000000000000e-1	3,600000000000000e-1	7,392000000000000e-1	1,003700000000000e+0	3,615000000000000e-1	1,046200000000000e+0
8,560000000000000e+2	2,737000000000000e-1	3,651000000000000e-1	3,893000000000000e-1	2,974000000000000e-1	3,598000000000000e-1	7,383000000000000e-1	1,002800000000000e+0	3,613000000000000e-1	1,045600000000000e+0
8,570000000000000e+2	2,735000000000000e-1	3,650000000000000e-1	3,890000000000000e-1	2,973000000000000e-1	3,597000000000000e-1	7,373000000000000e-1	1,002000000000000e+0	3,610000000000000e-1	1,045100000000000e+0
8,580000000000000e+2	2,731000000000000e-1	3,649000000000000e-1	3,889000000000000e-1	2,970000000000000e-1	3,595000000000000e-1	7,365000000000000e-1	1,001100000000000e+0	3,607000000000000e-1	1,044800000000000e+0
8,590000000000000e+2	2,734000000000000e-1	3,650000000000000e-1	3,892000000000000e-1	2,972000000000000e-1	3,593000000000000e-1	7,359000000000000e-1	1,000300000000000e+0	3,607000000000000e-1	1,044400000000000e+0
8,600000000000000e+2	2,736000000000000e-1	3,650000000000000e-1	3,891000000000000e-1	2,973000000000000e-1	3,594000000000000e-1	7,352000000000000e-1	9,996000000000000e-1	3,607000000000000e-1	1,044100000000000e+0
8,610000000000000e+2	2,735000000000000e-1	3,650000000000000e-1	3,890000000000000e-1	2,974000000000000e-1	3,593000000000000e-1	7,343000000000000e-1	9,987000000000000e-1	3,605000000000000e-1	1,043700000000000e+0
8,620000000000000e+2	2,735000000000000e-1	3,649000000000000e-1	3,887000000000000e-1	2,975000000000000e-1	3,591000100000000e-1	7,335000000000000e-1	9,973000000000000e-1	3,602000000000000e-1	1,043300000000000e+0
8,630000000000000e+2	2,735000000000000e-1	3,647000000000000e-1	3,886000000000000e-1	2,974000000000000e-1	3,589000000000000e-1	7,328000000000000e-1	9,965000000000000e-1	3,600000000000000e-1	1,042800000000000e+0
8,640000000000000e+2	2,734000000000000e-1	3,646000000000000e-1	3,886000000000000e-1	2,971000000000000e-1	3,588000000000000e-1	7,322000000000000e-1	9,957000000000000e-1	3,598000000000000e-1	1,042500000000000e+0
8,650000000000000e+2	2,735000000000000e-1	3,646000000000000e-1	3,884000000000000e-1	2,970000000000000e-1	3,587000000000000e-1	7,315000000000000e-1	9,951000000000000e-1	3,595000000000000e-1	1,041800000000000e+0
8,660000000000000e+2	2,734000000000000e-1	3,645000000000000e-1	3,884000000000000e-1	2,969000000000000e-1	3,586000100000000e-1	7,306000000000000e-1	9,943000000000000e-1	3,593000000000000e-1	1,041400000000000e+0
8,670000000000000e+2	2,736000000000000e-1	3,646000000000000e-1	3,887000000000000e-1	2,970000000000000e-1	3,586000100000000e-1	7,303000000000000e-1	9,936000000000000e-1	3,594000000000000e-1	1,041200000000000e+0
8,680000000000000e+2	2,736000000000000e-1	3,645000000000000e-1	3,885000000000000e-1	2,971000000000000e-1	3,586000100000000e-1	7,296000000000000e-1	9,930000000000000e-1	3,591000100000000e-1	1,041000000000000e+0
8,690000000000000e+2	2,736000000000000e-1	3,645000000000000e-1	3,884000000000000e-1	2,968000000000000e-1	3,584000000000000e-1	7,289000000000000e-1	9,922000000000000e-1	3,588000000000000e-1	1,040300000000000e+0
8,700000000000000e+2	2,733000000000000e-1	3,644000000000000e-1	3,884000000000000e-1	2,967000000000000e-1	3,583000000000000e-1	7,282000000000000e-1	9,917000000000000e-1	3,587000000000000e-1	1,040100000000000e+0
8,710000000000000e+2	2,731000000000000e-1	3,643000000000000e-1	3,882000000000000e-1	2,966000000000000e-1	3,583000000000000e-1	7,276000000000000e-1	9,909000000000000e-1	3,586000100000000e-1	1,039700000000000e+0
8,720000000000000e+2	2,732000000000000e-1	3,642000000000000e-1	3,883000000000000e-1	2,967000000000000e-1	3,582000000000000e-1	7,271000000000000e-1	9,904000000000000e-1	3,584000000000000e-1	1,039200000000000e+0
8,730000000000000e+2	2,734000000000000e-1	3,643000000000000e-1	3,884000000000000e-1	2,968000000000000e-1	3,582000000000000e-1	7,267000000000000e-1	9,899000000000000e-1	3,583000000000000e-1	1,039100000000000e+0
8,740000000000000e+2	2,732000000000000e-1	3,642000000000000e-1	3,880000000000000e-1	2,966000000000000e-1	3,579000000000000e-1	7,262000000000000e-1	9,892000000000000e-1	3,578000000000000e-1	1,038300000000000e+0
8,750000000000000e+2	2,732000000000000e-1	3,642000000000000e-1	3,881000000000000e-1	2,965000000000000e-1	3,580000000000000e-1	7,259000000000000e-1	9,888000000000000e-1	3,578000000000000e-1	1,038000000000000e+0
8,760000000000000e+2	2,734000000000000e-1	3,644000000000000e-1	3,884000000000000e-1	2,968000000000000e-1	3,581000100000000e-1	7,255000000000000e-1	9,884000000000000e-1	3,579000000000000e-1	1,037800000000000e+0
8,770000000000000e+2	2,734000000000000e-1	3,645000000000000e-1	3,885000000000000e-1	2,969000000000000e-1	3,580000000000000e-1	7,251000000000000e-1	9,878000000000000e-1	3,578000000000000e-1	1,037300000000000e+0
8,780000000000000e+2	2,737000000000000e-1	3,645000000000000e-1	3,883000000000000e-1	2,970000000000000e-1	3,579000000000000e-1	7,247000000000000e-1	9,875000000000000e-1	3,577000000000000e-1	1,037200000000000e+0
8,790000000000000e+2	2,737000000000000e-1	3,643000000000000e-1	3,879000000000000e-1	2,967000000000000e-1	3,576000100000000e-1	7,242000000000000e-1	9,868000000000000e-1	3,573000000000000e-1	1,036500000000000e+0
8,800000000000000e+2	2,737000000000000e-1	3,642000000000000e-1	3,881000000000000e-1	2,967000000000000e-1	3,575000000000000e-1	7,238000000000000e-1	9,869000000000000e-1	3,570000000000000e-1	1,036200000000000e+0
8,810000000000000e+2	2,735000000000000e-1	3,641000000000000e-1	3,880000000000000e-1	2,967000000000000e-1	3,574000000000000e-1	7,233000000000000e-1	9,864000000000000e-1	3,570000000000000e-1	1,035800000000000e+0
8,820000000000000e+2	2,734000000000000e-1	3,641000000000000e-1	3,881000000000000e-1	2,965000000000000e-1	3,573000000000000e-1	7,227000000000000e-1	9,857000000000000e-1	3,568000000000000e-1	1,035400000000000e+0
8,830000000000000e+2	2,734000000000000e-1	3,640000000000000e-1	3,881000000000000e-1	2,966000000000000e-1	3,571000100000000e-1	7,224000000000000e-1	9,851000000000000e-1	3,566000100000000e-1	1,035000000000000e+0
8,840000000000000e+2	2,734000000000000e-1	3,641000000000000e-1	3,881000000000000e-1	2,968000000000000e-1	3,574000000000000e-1	7,224000000000000e-1	9,846000000000000e-1	3,567000000000000e-1	1,034800000000000e+0
8,850000000000000e+2	2,734000000000000e-1	3,640000000000000e-1	3,881000000000000e-1	2,968000000000000e-1	3,571000100000000e-1	7,220000000000000e-1	9,844000000000000e-1	3,565000000000000e-1	1,034400000000000e+0
8,860000000000000e+2	2,732000000000000e-1	3,639000000000000e-1	3,880000000000000e-1	2,967000000000000e-1	3,569000000000000e-1	7,215000000000000e-1	9,839000000000000e-1	3,562000000000000e-1	1,033900000000000e+0
8,870000000000000e+2	2,735000000000000e-1	3,641000000000000e-1	3,881000000000000e-1	2,968000000000000e-1	3,570000000000000e-1	7,215000000000000e-1	9,834000000000000e-1	3,562000000000000e-1	1,033700000000000e+0
8,880000000000000e+2	2,734000000000000e-1	3,642000000000000e-1	3,881000000000000e-1	2,969000000000000e-1	3,570000000000000e-1	7,211000000000000e-1	9,834000000000000e-1	3,561000000000000e-1	1,033300000000000e+0
8,890000000000000e+2	2,734000000000000e-1	3,640000000000000e-1	3,881000000000000e-1	2,970000000000000e-1	3,568000000000000e-1	7,207000000000000e-1	9,831000000000000e-1	3,560000000000000e-1	1,033000000000000e+0
8,900000000000000e+2	2,733000000000000e-1	3,642000000000000e-1	3,883000000000000e-1	2,971000000000000e-1	3,569000000000000e-1	7,206000000000000e-1	9,829000000000000e-1	3,560000000000000e-1	1,032800000000000e+0
8,910000000000000e+2	2,729000000000000e-1	3,639000000000000e-1	3,880000000000000e-1	2,968000000000000e-1	3,566000100000000e-1	7,201000000000000e-1	9,820000000000000e-1	3,555000000000000e-1	1,032000000000000e+0
8,920000000000000e+2	2,733000000000000e-1	3,639000000000000e-1	3,882000000000000e-1	2,970000000000000e-1	3,566000100000000e-1	7,199000000000000e-1	9,819000000000000e-1	3,555000000000000e-1	1,031800000000000e+0
8,930000000000000e+2	2,733000000000000e-1	3,640000000000000e-1	3,880000000000000e-1	2,968000000000000e-1	3,565000000000000e-1	7,197000000000000e-1	9,816000000000000e-1	3,555000000000000e-1	1,031400000000000e+0
8,940000000000000e+2	2,732000000000000e-1	3,639000000000000e-1	3,879000000000000e-1	2,967000000000000e-1	3,564000000000000e-1	7,193000000000001e-1	9,811000000000000e-1	3,552000000000000e-1	1,030900000000000e+0
8,950000000000000e+2	2,733000000000000e-1	3,640000000000000e-1	3,880000000000000e-1	2,968000000000000e-1	3,563000000000000e-1	7,192000099999999e-1	9,814000000000000e-1	3,550000000000000e-1	1,030500000000000e+0
8,960000000000000e+2	2,733000000000000e-1	3,639000000000000e-1	3,878000000000000e-1	2,967000000000000e-1	3,560000000000000e-1	7,188000000000000e-1	9,809000000000000e-1	3,545000000000000e-1	1,030000000000000e+0
8,970000000000000e+2	2,732000000000000e-1	3,638000000000000e-1	3,877000000000000e-1	2,967000000000000e-1	3,559000000000000e-1	7,185000000000000e-1	9,805000000000000e-1	3,544000000000000e-1	1,029500000000000e+0
8,980000000000000e+2	2,732000000000000e-1	3,638000000000000e-1	3,879000000000000e-1	2,969000000000000e-1	3,559000000000000e-1	7,185000000000000e-1	9,802000000000000e-1	3,543000000000000e-1	1,029200000000000e+0
8,990000000000000e+2	2,733000000000000e-1	3,638000000000000e-1	3,878000000000000e-1	2,969000000000000e-1	3,559000000000000e-1	7,182000099999999e-1	9,802000000000000e-1	3,542000000000000e-1	1,028800000000000e+0
9,000000000000000e+2	2,736000000000000e-1	3,639000000000000e-1	3,880000000000000e-1	2,970000000000000e-1	3,558000000000000e-1	7,182000099999999e-1	9,801000000000000e-1	3,540000000000000e-1	1,028500000000000e+0
